fold,wave_train,frame_index,true_hs,pred_hs,residual,abs_error
0,locA MW 0.3 Amp,10,0.3,0.6137441,0.31374407,0.31374407
0,locA MW 0.3 Amp,46,0.3,0.5992152,0.2992152,0.2992152
0,locA MW 0.3 Amp,43,0.3,0.61683184,0.31683183,0.31683183
0,locA MW 0.3 Amp,9,0.3,0.6045999,0.30459988,0.30459988
0,locA MW 0.3 Amp,66,0.3,0.59605354,0.29605353,0.29605353
0,locA MW 0.3 Amp,35,0.3,0.5999879,0.2999879,0.2999879
0,locA MW 0.3 Amp,75,0.3,0.6104543,0.3104543,0.3104543
0,locA MW 0.3 Amp,70,0.3,0.62369823,0.32369822,0.32369822
0,locA MW 0.3 Amp,78,0.3,0.6001633,0.30016327,0.30016327
0,locA MW 0.3 Amp,86,0.3,0.59265894,0.29265893,0.29265893
0,locA MW 0.3 Amp,15,0.3,0.59698695,0.29698694,0.29698694
0,locA MW 0.3 Amp,97,0.3,0.5996881,0.2996881,0.2996881
0,locA MW 0.3 Amp,65,0.3,0.59860754,0.29860753,0.29860753
0,locA MW 0.3 Amp,47,0.3,0.6196756,0.31967556,0.31967556
0,locA MW 0.3 Amp,53,0.3,0.6307056,0.33070558,0.33070558
0,locA MW 0.3 Amp,72,0.3,0.6095559,0.3095559,0.3095559
0,locA MW 0.3 Amp,23,0.3,0.60396653,0.30396652,0.30396652
0,locA MW 0.3 Amp,3,0.3,0.60054433,0.30054432,0.30054432
0,locA MW 0.3 Amp,51,0.3,0.6030326,0.30303258,0.30303258
0,locA MW 0.3 Amp,69,0.3,0.6068441,0.30684412,0.30684412
0,locA MW 0.3 Amp,94,0.3,0.6040537,0.30405366,0.30405366
0,locA MW 0.3 Amp,71,0.3,0.6033906,0.30339056,0.30339056
0,locA MW 0.3 Amp,76,0.3,0.60674053,0.30674052,0.30674052
0,locA MW 0.3 Amp,24,0.3,0.6005346,0.3005346,0.3005346
0,locA MW 0.3 Amp,98,0.3,0.5958039,0.2958039,0.2958039
0,locA MW 0.3 Amp,2,0.3,0.6037362,0.3037362,0.3037362
0,locA MW 0.3 Amp,5,0.3,0.6048278,0.3048278,0.3048278
0,locA MW 0.3 Amp,38,0.3,0.60056365,0.30056363,0.30056363
0,locA MW 0.3 Amp,20,0.3,0.61853117,0.31853116,0.31853116
0,locA MW 0.3 Amp,16,0.3,0.6149394,0.31493938,0.31493938
0,locA MW 0.3 Amp,30,0.3,0.5995719,0.29957187,0.29957187
0,locA MW 0.3 Amp,100,0.3,0.6054757,0.3054757,0.3054757
0,locA MW 0.3 Amp,1,0.3,0.61985594,0.31985593,0.31985593
0,locA MW 0.3 Amp,90,0.3,0.6086787,0.3086787,0.3086787
0,locA MW 0.3 Amp,7,0.3,0.61774904,0.31774902,0.31774902
0,locA MW 0.3 Amp,89,0.3,0.62215364,0.32215363,0.32215363
0,locA MW 0.3 Amp,50,0.3,0.62262964,0.32262963,0.32262963
0,locA MW 0.3 Amp,8,0.3,0.5984219,0.29842186,0.29842186
0,locA MW 0.3 Amp,6,0.3,0.6088987,0.3088987,0.3088987
0,locA MW 0.3 Amp,74,0.3,0.61677843,0.31677842,0.31677842
0,locA MW 0.3 Amp,93,0.3,0.61021227,0.31021225,0.31021225
0,locA MW 0.3 Amp,64,0.3,0.61634064,0.31634063,0.31634063
0,locA MW 0.3 Amp,63,0.3,0.6328998,0.3328998,0.3328998
0,locA MW 0.3 Amp,34,0.3,0.5977521,0.29775208,0.29775208
0,locA MW 0.3 Amp,44,0.3,0.625928,0.32592797,0.32592797
0,locA MW 0.3 Amp,33,0.3,0.62884635,0.32884634,0.32884634
0,locA MW 0.3 Amp,29,0.3,0.6010537,0.3010537,0.3010537
0,locA MW 0.3 Amp,88,0.3,0.6138847,0.31388468,0.31388468
0,locA MW 0.3 Amp,87,0.3,0.6096844,0.3096844,0.3096844
0,locA MW 0.3 Amp,45,0.3,0.60187787,0.30187786,0.30187786
0,locA MW 0.3 Amp,57,0.3,0.61496776,0.31496775,0.31496775
0,locA MW 0.3 Amp,48,0.3,0.62003344,0.32003343,0.32003343
0,locA MW 0.3 Amp,85,0.3,0.6138348,0.3138348,0.3138348
0,locA MW 0.3 Amp,26,0.3,0.606154,0.306154,0.306154
0,locA MW 0.3 Amp,13,0.3,0.61962456,0.31962454,0.31962454
0,locA MW 0.3 Amp,22,0.3,0.60376114,0.30376112,0.30376112
0,locA MW 0.3 Amp,37,0.3,0.6066438,0.30664378,0.30664378
0,locA MW 0.3 Amp,32,0.3,0.620164,0.32016397,0.32016397
0,locA MW 0.3 Amp,25,0.3,0.5972756,0.2972756,0.2972756
0,locA MW 0.3 Amp,79,0.3,0.60405177,0.30405176,0.30405176
0,locA MW 0.3 Amp,77,0.3,0.6057977,0.3057977,0.3057977
0,locA MW 0.3 Amp,52,0.3,0.60329795,0.30329794,0.30329794
0,locA MW 0.3 Amp,28,0.3,0.60359305,0.30359304,0.30359304
0,locA MW 0.3 Amp,92,0.3,0.6284411,0.32844108,0.32844108
0,locA MW 0.3 Amp,62,0.3,0.6007708,0.30077076,0.30077076
0,locA MW 0.3 Amp,36,0.3,0.60522616,0.30522615,0.30522615
0,locA MW 0.3 Amp,11,0.3,0.619489,0.319489,0.319489
0,locA MW 0.3 Amp,4,0.3,0.6052915,0.30529147,0.30529147
0,locA MW 0.3 Amp,55,0.3,0.6023938,0.3023938,0.3023938
0,locA MW 0.3 Amp,58,0.3,0.62076336,0.32076335,0.32076335
0,locA MW 0.3 Amp,61,0.3,0.6019941,0.3019941,0.3019941
0,locA MW 0.3 Amp,17,0.3,0.62290126,0.32290125,0.32290125
0,locA MW 0.3 Amp,91,0.3,0.61897343,0.31897342,0.31897342
0,locA MW 0.3 Amp,81,0.3,0.6208691,0.3208691,0.3208691
0,locA MW 0.3 Amp,83,0.3,0.59782344,0.29782343,0.29782343
0,locA MW 0.3 Amp,42,0.3,0.61165583,0.31165582,0.31165582
0,locA MW 0.3 Amp,27,0.3,0.6104829,0.31048286,0.31048286
0,locA MW 0.3 Amp,95,0.3,0.60584944,0.30584943,0.30584943
0,locA MW 0.3 Amp,21,0.3,0.61386055,0.31386054,0.31386054
0,locA MW 0.3 Amp,99,0.3,0.5987586,0.29875857,0.29875857
0,locA MW 0.3 Amp,19,0.3,0.6147503,0.3147503,0.3147503
0,locA MW 0.3 Amp,54,0.3,0.6032143,0.3032143,0.3032143
0,locA MW 0.3 Amp,56,0.3,0.628064,0.32806396,0.32806396
0,locA MW 0.3 Amp,84,0.3,0.6164338,0.3164338,0.3164338
0,locA MW 0.3 Amp,82,0.3,0.6150542,0.31505418,0.31505418
0,locA MW 0.3 Amp,39,0.3,0.6030746,0.3030746,0.3030746
0,locA MW 0.3 Amp,59,0.3,0.6083034,0.30830342,0.30830342
0,locA MW 0.3 Amp,12,0.3,0.6105181,0.3105181,0.3105181
0,locA MW 0.3 Amp,67,0.3,0.60398966,0.30398965,0.30398965
0,locA MW 0.3 Amp,18,0.3,0.61732084,0.31732082,0.31732082
0,locA MW 0.3 Amp,41,0.3,0.606319,0.306319,0.306319
0,locA MW 0.3 Amp,80,0.3,0.6110337,0.31103367,0.31103367
0,locA MW 0.3 Amp,14,0.3,0.6097237,0.30972368,0.30972368
0,locA MW 0.3 Amp,49,0.3,0.61758876,0.31758875,0.31758875
0,locA MW 0.3 Amp,60,0.3,0.61518776,0.31518775,0.31518775
0,locA MW 0.3 Amp,68,0.3,0.6024081,0.3024081,0.3024081
0,locA MW 0.3 Amp,73,0.3,0.60458225,0.30458224,0.30458224
0,locA MW 0.3 Amp,40,0.3,0.6033965,0.30339646,0.30339646
0,locA MW 0.3 Amp,96,0.3,0.61164063,0.31164062,0.31164062
0,locA MW 0.3 Amp,31,0.3,0.61100376,0.31100374,0.31100374
1,locA MW 0.5 Amp,10,0.5,0.43845263,-0.06154737,0.06154737
1,locA MW 0.5 Amp,46,0.5,0.3885597,-0.1114403,0.1114403
1,locA MW 0.5 Amp,43,0.5,0.42853755,-0.07146245,0.07146245
1,locA MW 0.5 Amp,9,0.5,0.46500024,-0.034999758,0.034999758
1,locA MW 0.5 Amp,66,0.5,0.54217213,0.042172134,0.042172134
1,locA MW 0.5 Amp,35,0.5,0.5385867,0.038586676,0.038586676
1,locA MW 0.5 Amp,75,0.5,0.4227068,-0.07729319,0.07729319
1,locA MW 0.5 Amp,70,0.5,0.51473165,0.014731646,0.014731646
1,locA MW 0.5 Amp,78,0.5,0.39343733,-0.106562674,0.106562674
1,locA MW 0.5 Amp,86,0.5,0.5077298,0.0077298284,0.0077298284
1,locA MW 0.5 Amp,15,0.5,0.38659826,-0.11340174,0.11340174
1,locA MW 0.5 Amp,97,0.5,0.48041543,-0.019584566,0.019584566
1,locA MW 0.5 Amp,65,0.5,0.49162132,-0.0083786845,0.0083786845
1,locA MW 0.5 Amp,47,0.5,0.39666644,-0.10333356,0.10333356
1,locA MW 0.5 Amp,53,0.5,0.49987295,-0.0001270473,0.0001270473
1,locA MW 0.5 Amp,72,0.5,0.49913058,-0.00086942315,0.00086942315
1,locA MW 0.5 Amp,23,0.5,0.49902976,-0.0009702444,0.0009702444
1,locA MW 0.5 Amp,3,0.5,0.50856334,0.00856334,0.00856334
1,locA MW 0.5 Amp,51,0.5,0.47709486,-0.022905141,0.022905141
1,locA MW 0.5 Amp,69,0.5,0.52784956,0.027849555,0.027849555
1,locA MW 0.5 Amp,94,0.5,0.4589168,-0.041083187,0.041083187
1,locA MW 0.5 Amp,71,0.5,0.50981355,0.009813547,0.009813547
1,locA MW 0.5 Amp,76,0.5,0.39516595,-0.10483405,0.10483405
1,locA MW 0.5 Amp,24,0.5,0.46896294,-0.031037062,0.031037062
1,locA MW 0.5 Amp,98,0.5,0.5526737,0.052673697,0.052673697
1,locA MW 0.5 Amp,2,0.5,0.48722818,-0.012771815,0.012771815
1,locA MW 0.5 Amp,5,0.5,0.5176623,0.017662287,0.017662287
1,locA MW 0.5 Amp,38,0.5,0.5325435,0.03254348,0.03254348
1,locA MW 0.5 Amp,20,0.5,0.49001154,-0.009988457,0.009988457
1,locA MW 0.5 Amp,16,0.5,0.39173546,-0.108264536,0.108264536
1,locA MW 0.5 Amp,30,0.5,0.40045807,-0.09954193,0.09954193
1,locA MW 0.5 Amp,100,0.5,0.5278968,0.027896821,0.027896821
1,locA MW 0.5 Amp,1,0.5,0.4551706,-0.0448294,0.0448294
1,locA MW 0.5 Amp,90,0.5,0.45070097,-0.04929903,0.04929903
1,locA MW 0.5 Amp,7,0.5,0.5004185,0.0004184842,0.0004184842
1,locA MW 0.5 Amp,89,0.5,0.47146842,-0.028531581,0.028531581
1,locA MW 0.5 Amp,50,0.5,0.4717266,-0.028273404,0.028273404
1,locA MW 0.5 Amp,8,0.5,0.4895368,-0.010463208,0.010463208
1,locA MW 0.5 Amp,6,0.5,0.50205797,0.0020579696,0.0020579696
1,locA MW 0.5 Amp,74,0.5,0.45292738,-0.04707262,0.04707262
1,locA MW 0.5 Amp,93,0.5,0.42782086,-0.07217914,0.07217914
1,locA MW 0.5 Amp,64,0.5,0.45328754,-0.046712458,0.046712458
1,locA MW 0.5 Amp,63,0.5,0.42852077,-0.07147923,0.07147923
1,locA MW 0.5 Amp,34,0.5,0.46506888,-0.034931123,0.034931123
1,locA MW 0.5 Amp,44,0.5,0.3942499,-0.105750114,0.105750114
1,locA MW 0.5 Amp,33,0.5,0.4684606,-0.03153941,0.03153941
1,locA MW 0.5 Amp,29,0.5,0.37896302,-0.12103698,0.12103698
1,locA MW 0.5 Amp,88,0.5,0.47618547,-0.02381453,0.02381453
1,locA MW 0.5 Amp,87,0.5,0.49783456,-0.0021654367,0.0021654367
1,locA MW 0.5 Amp,45,0.5,0.35611936,-0.14388064,0.14388064
1,locA MW 0.5 Amp,57,0.5,0.45897633,-0.04102367,0.04102367
1,locA MW 0.5 Amp,48,0.5,0.42970106,-0.07029894,0.07029894
1,locA MW 0.5 Amp,85,0.5,0.5013495,0.0013495088,0.0013495088
1,locA MW 0.5 Amp,26,0.5,0.45780644,-0.04219356,0.04219356
1,locA MW 0.5 Amp,13,0.5,0.3667851,-0.13321489,0.13321489
1,locA MW 0.5 Amp,22,0.5,0.5092473,0.009247303,0.009247303
1,locA MW 0.5 Amp,37,0.5,0.52123815,0.021238148,0.021238148
1,locA MW 0.5 Amp,32,0.5,0.4167542,-0.083245814,0.083245814
1,locA MW 0.5 Amp,25,0.5,0.46818027,-0.03181973,0.03181973
1,locA MW 0.5 Amp,79,0.5,0.41765288,-0.082347125,0.082347125
1,locA MW 0.5 Amp,77,0.5,0.3946763,-0.1053237,0.1053237
1,locA MW 0.5 Amp,52,0.5,0.48247173,-0.017528266,0.017528266
1,locA MW 0.5 Amp,28,0.5,0.413115,-0.086885005,0.086885005
1,locA MW 0.5 Amp,92,0.5,0.4308196,-0.0691804,0.0691804
1,locA MW 0.5 Amp,62,0.5,0.41842762,-0.08157238,0.08157238
1,locA MW 0.5 Amp,36,0.5,0.52830654,0.028306544,0.028306544
1,locA MW 0.5 Amp,11,0.5,0.43747175,-0.06252825,0.06252825
1,locA MW 0.5 Amp,4,0.5,0.523767,0.023766994,0.023766994
1,locA MW 0.5 Amp,55,0.5,0.4852393,-0.014760703,0.014760703
1,locA MW 0.5 Amp,58,0.5,0.45934805,-0.040651947,0.040651947
1,locA MW 0.5 Amp,61,0.5,0.41901413,-0.080985874,0.080985874
1,locA MW 0.5 Amp,17,0.5,0.40575507,-0.09424493,0.09424493
1,locA MW 0.5 Amp,91,0.5,0.4747229,-0.025277108,0.025277108
1,locA MW 0.5 Amp,81,0.5,0.43959925,-0.060400754,0.060400754
1,locA MW 0.5 Amp,83,0.5,0.4815651,-0.018434912,0.018434912
1,locA MW 0.5 Amp,42,0.5,0.46376812,-0.036231875,0.036231875
1,locA MW 0.5 Amp,27,0.5,0.43562737,-0.06437263,0.06437263
1,locA MW 0.5 Amp,95,0.5,0.45792773,-0.042072266,0.042072266
1,locA MW 0.5 Amp,21,0.5,0.49573496,-0.00426504,0.00426504
1,locA MW 0.5 Amp,99,0.5,0.5575395,0.057539523,0.057539523
1,locA MW 0.5 Amp,19,0.5,0.46388233,-0.036117673,0.036117673
1,locA MW 0.5 Amp,54,0.5,0.49855116,-0.0014488399,0.0014488399
1,locA MW 0.5 Amp,56,0.5,0.4871702,-0.01282981,0.01282981
1,locA MW 0.5 Amp,84,0.5,0.50741184,0.0074118376,0.0074118376
1,locA MW 0.5 Amp,82,0.5,0.47111583,-0.028884172,0.028884172
1,locA MW 0.5 Amp,39,0.5,0.50382704,0.0038270354,0.0038270354
1,locA MW 0.5 Amp,59,0.5,0.46851748,-0.031482518,0.031482518
1,locA MW 0.5 Amp,12,0.5,0.38900694,-0.11099306,0.11099306
1,locA MW 0.5 Amp,67,0.5,0.5311275,0.031127512,0.031127512
1,locA MW 0.5 Amp,18,0.5,0.4354728,-0.06452721,0.06452721
1,locA MW 0.5 Amp,41,0.5,0.45338872,-0.04661128,0.04661128
1,locA MW 0.5 Amp,80,0.5,0.43181875,-0.06818125,0.06818125
1,locA MW 0.5 Amp,14,0.5,0.3901933,-0.10980669,0.10980669
1,locA MW 0.5 Amp,49,0.5,0.4162631,-0.0837369,0.0837369
1,locA MW 0.5 Amp,60,0.5,0.42045546,-0.079544544,0.079544544
1,locA MW 0.5 Amp,68,0.5,0.53506756,0.03506756,0.03506756
1,locA MW 0.5 Amp,73,0.5,0.46854413,-0.031455874,0.031455874
1,locA MW 0.5 Amp,40,0.5,0.48688024,-0.013119757,0.013119757
1,locA MW 0.5 Amp,96,0.5,0.45483056,-0.045169443,0.045169443
1,locA MW 0.5 Amp,31,0.5,0.42171422,-0.07828578,0.07828578
2,locA MW 0.7 Amp,10,0.7,0.59362656,-0.10637343,0.10637343
2,locA MW 0.7 Amp,46,0.7,0.6877463,-0.012253702,0.012253702
2,locA MW 0.7 Amp,43,0.7,0.6478822,-0.052117765,0.052117765
2,locA MW 0.7 Amp,9,0.7,0.6087383,-0.091261685,0.091261685
2,locA MW 0.7 Amp,66,0.7,0.6944548,-0.005545199,0.005545199
2,locA MW 0.7 Amp,35,0.7,0.70753324,0.0075332522,0.0075332522
2,locA MW 0.7 Amp,75,0.7,0.65928936,-0.040710628,0.040710628
2,locA MW 0.7 Amp,70,0.7,0.7120079,0.012007892,0.012007892
2,locA MW 0.7 Amp,78,0.7,0.7198874,0.019887388,0.019887388
2,locA MW 0.7 Amp,86,0.7,0.7160788,0.01607883,0.01607883
2,locA MW 0.7 Amp,15,0.7,0.69479245,-0.0052075386,0.0052075386
2,locA MW 0.7 Amp,97,0.7,0.71590513,0.015905142,0.015905142
2,locA MW 0.7 Amp,65,0.7,0.6503681,-0.049631894,0.049631894
2,locA MW 0.7 Amp,47,0.7,0.70946103,0.009461045,0.009461045
2,locA MW 0.7 Amp,53,0.7,0.74984574,0.049845755,0.049845755
2,locA MW 0.7 Amp,72,0.7,0.6840571,-0.015942872,0.015942872
2,locA MW 0.7 Amp,23,0.7,0.68385005,-0.016149938,0.016149938
2,locA MW 0.7 Amp,3,0.7,0.69806457,-0.0019354224,0.0019354224
2,locA MW 0.7 Amp,51,0.7,0.7742473,0.0742473,0.0742473
2,locA MW 0.7 Amp,69,0.7,0.72793734,0.027937353,0.027937353
2,locA MW 0.7 Amp,94,0.7,0.6798175,-0.02018249,0.02018249
2,locA MW 0.7 Amp,71,0.7,0.65340835,-0.04659164,0.04659164
2,locA MW 0.7 Amp,76,0.7,0.69358665,-0.0064133406,0.0064133406
2,locA MW 0.7 Amp,24,0.7,0.6523739,-0.047626078,0.047626078
2,locA MW 0.7 Amp,98,0.7,0.72812486,0.028124869,0.028124869
2,locA MW 0.7 Amp,2,0.7,0.6757956,-0.024204373,0.024204373
2,locA MW 0.7 Amp,5,0.7,0.71422684,0.014226854,0.014226854
2,locA MW 0.7 Amp,38,0.7,0.7068679,0.0068678856,0.0068678856
2,locA MW 0.7 Amp,20,0.7,0.73292446,0.032924473,0.032924473
2,locA MW 0.7 Amp,16,0.7,0.7016997,0.001699686,0.001699686
2,locA MW 0.7 Amp,30,0.7,0.63416314,-0.06583685,0.06583685
2,locA MW 0.7 Amp,100,0.7,0.7676794,0.067679405,0.067679405
2,locA MW 0.7 Amp,1,0.7,0.631624,-0.068376005,0.068376005
2,locA MW 0.7 Amp,90,0.7,0.64928424,-0.050715744,0.050715744
2,locA MW 0.7 Amp,7,0.7,0.6637271,-0.036272883,0.036272883
2,locA MW 0.7 Amp,89,0.7,0.676805,-0.023194969,0.023194969
2,locA MW 0.7 Amp,50,0.7,0.78889275,0.08889276,0.08889276
2,locA MW 0.7 Amp,8,0.7,0.6302607,-0.06973928,0.06973928
2,locA MW 0.7 Amp,6,0.7,0.6848731,-0.015126884,0.015126884
2,locA MW 0.7 Amp,74,0.7,0.65149957,-0.04850042,0.04850042
2,locA MW 0.7 Amp,93,0.7,0.67923963,-0.020760357,0.020760357
2,locA MW 0.7 Amp,64,0.7,0.6431793,-0.05682069,0.05682069
2,locA MW 0.7 Amp,63,0.7,0.6750896,-0.02491039,0.02491039
2,locA MW 0.7 Amp,34,0.7,0.6942708,-0.0057291985,0.0057291985
2,locA MW 0.7 Amp,44,0.7,0.6390623,-0.060937703,0.060937703
2,locA MW 0.7 Amp,33,0.7,0.6798482,-0.020151794,0.020151794
2,locA MW 0.7 Amp,29,0.7,0.6719391,-0.028060913,0.028060913
2,locA MW 0.7 Amp,88,0.7,0.6959065,-0.004093468,0.004093468
2,locA MW 0.7 Amp,87,0.7,0.70599157,0.005991578,0.005991578
2,locA MW 0.7 Amp,45,0.7,0.67948794,-0.020512044,0.020512044
2,locA MW 0.7 Amp,57,0.7,0.6657241,-0.03427589,0.03427589
2,locA MW 0.7 Amp,48,0.7,0.7418655,0.041865528,0.041865528
2,locA MW 0.7 Amp,85,0.7,0.73771304,0.03771305,0.03771305
2,locA MW 0.7 Amp,26,0.7,0.66519624,-0.034803748,0.034803748
2,locA MW 0.7 Amp,13,0.7,0.68369967,-0.01630032,0.01630032
2,locA MW 0.7 Amp,22,0.7,0.7065826,0.0065826178,0.0065826178
2,locA MW 0.7 Amp,37,0.7,0.7137894,0.013789415,0.013789415
2,locA MW 0.7 Amp,32,0.7,0.64912796,-0.050872028,0.050872028
2,locA MW 0.7 Amp,25,0.7,0.64694506,-0.05305493,0.05305493
2,locA MW 0.7 Amp,79,0.7,0.689244,-0.010756016,0.010756016
2,locA MW 0.7 Amp,77,0.7,0.6998615,-0.00013846159,0.00013846159
2,locA MW 0.7 Amp,52,0.7,0.7454985,0.04549849,0.04549849
2,locA MW 0.7 Amp,28,0.7,0.672948,-0.027051985,0.027051985
2,locA MW 0.7 Amp,92,0.7,0.68698454,-0.013015449,0.013015449
2,locA MW 0.7 Amp,62,0.7,0.68139535,-0.018604636,0.018604636
2,locA MW 0.7 Amp,36,0.7,0.6889892,-0.011010766,0.011010766
2,locA MW 0.7 Amp,11,0.7,0.65770715,-0.042292833,0.042292833
2,locA MW 0.7 Amp,4,0.7,0.71006715,0.010067165,0.010067165
2,locA MW 0.7 Amp,55,0.7,0.68876356,-0.011236429,0.011236429
2,locA MW 0.7 Amp,58,0.7,0.6627082,-0.037291765,0.037291765
2,locA MW 0.7 Amp,61,0.7,0.6656434,-0.034356594,0.034356594
2,locA MW 0.7 Amp,17,0.7,0.7252963,0.02529633,0.02529633
2,locA MW 0.7 Amp,91,0.7,0.6815219,-0.018478096,0.018478096
2,locA MW 0.7 Amp,81,0.7,0.77237123,0.072371244,0.072371244
2,locA MW 0.7 Amp,83,0.7,0.7872009,0.08720094,0.08720094
2,locA MW 0.7 Amp,42,0.7,0.64207315,-0.057926834,0.057926834
2,locA MW 0.7 Amp,27,0.7,0.67116135,-0.028838634,0.028838634
2,locA MW 0.7 Amp,95,0.7,0.67083955,-0.02916044,0.02916044
2,locA MW 0.7 Amp,21,0.7,0.7280332,0.028033197,0.028033197
2,locA MW 0.7 Amp,99,0.7,0.7485342,0.048534214,0.048534214
2,locA MW 0.7 Amp,19,0.7,0.7674242,0.06742424,0.06742424
2,locA MW 0.7 Amp,54,0.7,0.6955956,-0.004404366,0.004404366
2,locA MW 0.7 Amp,56,0.7,0.6977074,-0.0022925735,0.0022925735
2,locA MW 0.7 Amp,84,0.7,0.7729964,0.07299644,0.07299644
2,locA MW 0.7 Amp,82,0.7,0.7856163,0.08561629,0.08561629
2,locA MW 0.7 Amp,39,0.7,0.67412597,-0.025874019,0.025874019
2,locA MW 0.7 Amp,59,0.7,0.6915377,-0.00846231,0.00846231
2,locA MW 0.7 Amp,12,0.7,0.65288204,-0.04711795,0.04711795
2,locA MW 0.7 Amp,67,0.7,0.7539695,0.053969502,0.053969502
2,locA MW 0.7 Amp,18,0.7,0.7565188,0.056518793,0.056518793
2,locA MW 0.7 Amp,41,0.7,0.61568487,-0.08431512,0.08431512
2,locA MW 0.7 Amp,80,0.7,0.78775734,0.08775735,0.08775735
2,locA MW 0.7 Amp,14,0.7,0.6696191,-0.030380905,0.030380905
2,locA MW 0.7 Amp,49,0.7,0.75288606,0.05288607,0.05288607
2,locA MW 0.7 Amp,60,0.7,0.6564249,-0.043575108,0.043575108
2,locA MW 0.7 Amp,68,0.7,0.74260604,0.042606056,0.042606056
2,locA MW 0.7 Amp,73,0.7,0.63379794,-0.066202044,0.066202044
2,locA MW 0.7 Amp,40,0.7,0.650923,-0.049076974,0.049076974
2,locA MW 0.7 Amp,96,0.7,0.66063404,-0.039365947,0.039365947
2,locA MW 0.7 Amp,31,0.7,0.64544654,-0.05455345,0.05455345
3,locA MW 1 Amp,10,1.0,0.9224484,-0.0775516,0.0775516
3,locA MW 1 Amp,46,1.0,0.9362825,-0.063717484,0.063717484
3,locA MW 1 Amp,43,1.0,0.9396838,-0.060316205,0.060316205
3,locA MW 1 Amp,9,1.0,0.9214971,-0.07850289,0.07850289
3,locA MW 1 Amp,66,1.0,1.0055691,0.0055691004,0.0055691004
3,locA MW 1 Amp,35,1.0,1.0102026,0.010202646,0.010202646
3,locA MW 1 Amp,75,1.0,0.9570709,-0.042929113,0.042929113
3,locA MW 1 Amp,70,1.0,0.9693233,-0.030676723,0.030676723
3,locA MW 1 Amp,78,1.0,0.9527126,-0.047287405,0.047287405
3,locA MW 1 Amp,86,1.0,0.9950502,-0.004949808,0.004949808
3,locA MW 1 Amp,15,1.0,0.95633674,-0.043663263,0.043663263
3,locA MW 1 Amp,97,1.0,0.9939254,-0.0060746074,0.0060746074
3,locA MW 1 Amp,65,1.0,0.98598176,-0.014018238,0.014018238
3,locA MW 1 Amp,47,1.0,0.97265106,-0.027348936,0.027348936
3,locA MW 1 Amp,53,1.0,0.96389055,-0.036109447,0.036109447
3,locA MW 1 Amp,72,1.0,1.0055082,0.0055081844,0.0055081844
3,locA MW 1 Amp,23,1.0,0.99111307,-0.008886933,0.008886933
3,locA MW 1 Amp,3,1.0,1.0420799,0.042079926,0.042079926
3,locA MW 1 Amp,51,1.0,0.99787426,-0.00212574,0.00212574
3,locA MW 1 Amp,69,1.0,1.0173408,0.01734078,0.01734078
3,locA MW 1 Amp,94,1.0,1.0346893,0.034689307,0.034689307
3,locA MW 1 Amp,71,1.0,0.9832123,-0.016787708,0.016787708
3,locA MW 1 Amp,76,1.0,0.9429181,-0.05708188,0.05708188
3,locA MW 1 Amp,24,1.0,0.9784228,-0.02157718,0.02157718
3,locA MW 1 Amp,98,1.0,1.01441,0.014410019,0.014410019
3,locA MW 1 Amp,2,1.0,1.003849,0.0038490295,0.0038490295
3,locA MW 1 Amp,5,1.0,0.9659469,-0.034053087,0.034053087
3,locA MW 1 Amp,38,1.0,0.9235443,-0.07645571,0.07645571
3,locA MW 1 Amp,20,1.0,1.0207069,0.020706892,0.020706892
3,locA MW 1 Amp,16,1.0,0.9467752,-0.053224802,0.053224802
3,locA MW 1 Amp,30,1.0,0.9929759,-0.0070241094,0.0070241094
3,locA MW 1 Amp,100,1.0,1.0592002,0.059200168,0.059200168
3,locA MW 1 Amp,1,1.0,0.96539766,-0.034602344,0.034602344
3,locA MW 1 Amp,90,1.0,1.0021794,0.0021793842,0.0021793842
3,locA MW 1 Amp,7,1.0,0.9806282,-0.019371808,0.019371808
3,locA MW 1 Amp,89,1.0,1.0014272,0.0014271736,0.0014271736
3,locA MW 1 Amp,50,1.0,0.99797523,-0.0020247698,0.0020247698
3,locA MW 1 Amp,8,1.0,0.97732383,-0.02267617,0.02267617
3,locA MW 1 Amp,6,1.0,0.9464653,-0.053534687,0.053534687
3,locA MW 1 Amp,74,1.0,1.0023144,0.0023144484,0.0023144484
3,locA MW 1 Amp,93,1.0,0.9746876,-0.025312424,0.025312424
3,locA MW 1 Amp,64,1.0,0.9758236,-0.024176419,0.024176419
3,locA MW 1 Amp,63,1.0,1.0349367,0.034936666,0.034936666
3,locA MW 1 Amp,34,1.0,0.9896074,-0.010392606,0.010392606
3,locA MW 1 Amp,44,1.0,0.9251037,-0.074896276,0.074896276
3,locA MW 1 Amp,33,1.0,0.9997215,-0.0002784729,0.0002784729
3,locA MW 1 Amp,29,1.0,0.98256373,-0.017436266,0.017436266
3,locA MW 1 Amp,88,1.0,0.99233353,-0.0076664686,0.0076664686
3,locA MW 1 Amp,87,1.0,0.94821984,-0.051780164,0.051780164
3,locA MW 1 Amp,45,1.0,0.89318967,-0.10681033,0.10681033
3,locA MW 1 Amp,57,1.0,1.001725,0.0017249584,0.0017249584
3,locA MW 1 Amp,48,1.0,0.976527,-0.023473024,0.023473024
3,locA MW 1 Amp,85,1.0,1.0111221,0.0111221075,0.0111221075
3,locA MW 1 Amp,26,1.0,1.0139188,0.013918757,0.013918757
3,locA MW 1 Amp,13,1.0,0.87590855,-0.12409145,0.12409145
3,locA MW 1 Amp,22,1.0,0.94874173,-0.051258266,0.051258266
3,locA MW 1 Amp,37,1.0,0.9931735,-0.00682652,0.00682652
3,locA MW 1 Amp,32,1.0,1.0075004,0.00750041,0.00750041
3,locA MW 1 Amp,25,1.0,0.9646075,-0.035392523,0.035392523
3,locA MW 1 Amp,79,1.0,0.97179925,-0.028200746,0.028200746
3,locA MW 1 Amp,77,1.0,0.96752214,-0.032477856,0.032477856
3,locA MW 1 Amp,52,1.0,0.9658551,-0.03414488,0.03414488
3,locA MW 1 Amp,28,1.0,1.0619608,0.061960816,0.061960816
3,locA MW 1 Amp,92,1.0,1.0063045,0.0063045025,0.0063045025
3,locA MW 1 Amp,62,1.0,1.0412116,0.041211605,0.041211605
3,locA MW 1 Amp,36,1.0,0.9764542,-0.023545802,0.023545802
3,locA MW 1 Amp,11,1.0,0.93378085,-0.06621915,0.06621915
3,locA MW 1 Amp,4,1.0,1.0129374,0.012937427,0.012937427
3,locA MW 1 Amp,55,1.0,0.9802115,-0.019788504,0.019788504
3,locA MW 1 Amp,58,1.0,0.98970175,-0.010298252,0.010298252
3,locA MW 1 Amp,61,1.0,0.98861676,-0.011383235,0.011383235
3,locA MW 1 Amp,17,1.0,1.0191306,0.019130588,0.019130588
3,locA MW 1 Amp,91,1.0,1.0275054,0.027505398,0.027505398
3,locA MW 1 Amp,81,1.0,1.0281935,0.028193474,0.028193474
3,locA MW 1 Amp,83,1.0,0.97202873,-0.027971268,0.027971268
3,locA MW 1 Amp,42,1.0,0.9358868,-0.0641132,0.0641132
3,locA MW 1 Amp,27,1.0,1.0047619,0.0047619343,0.0047619343
3,locA MW 1 Amp,95,1.0,1.0203882,0.020388246,0.020388246
3,locA MW 1 Amp,21,1.0,0.96231973,-0.03768027,0.03768027
3,locA MW 1 Amp,99,1.0,1.055273,0.055273056,0.055273056
3,locA MW 1 Amp,19,1.0,1.049653,0.049653053,0.049653053
3,locA MW 1 Amp,54,1.0,0.9605611,-0.039438903,0.039438903
3,locA MW 1 Amp,56,1.0,0.97459227,-0.025407732,0.025407732
3,locA MW 1 Amp,84,1.0,0.99019957,-0.009800434,0.009800434
3,locA MW 1 Amp,82,1.0,0.98246247,-0.017537534,0.017537534
3,locA MW 1 Amp,39,1.0,0.955403,-0.04459703,0.04459703
3,locA MW 1 Amp,59,1.0,0.9700825,-0.029917479,0.029917479
3,locA MW 1 Amp,12,1.0,0.89730877,-0.10269123,0.10269123
3,locA MW 1 Amp,67,1.0,1.0277647,0.027764678,0.027764678
3,locA MW 1 Amp,18,1.0,1.013613,0.013612986,0.013612986
3,locA MW 1 Amp,41,1.0,0.93657714,-0.06342286,0.06342286
3,locA MW 1 Amp,80,1.0,1.006777,0.006777048,0.006777048
3,locA MW 1 Amp,14,1.0,0.9377636,-0.06223643,0.06223643
3,locA MW 1 Amp,49,1.0,0.996669,-0.0033310056,0.0033310056
3,locA MW 1 Amp,60,1.0,1.0131861,0.013186097,0.013186097
3,locA MW 1 Amp,68,1.0,1.0237505,0.023750544,0.023750544
3,locA MW 1 Amp,73,1.0,0.99353325,-0.0064667463,0.0064667463
3,locA MW 1 Amp,40,1.0,0.96281207,-0.037187934,0.037187934
3,locA MW 1 Amp,96,1.0,1.0155476,0.015547633,0.015547633
3,locA MW 1 Amp,31,1.0,1.0373313,0.037331343,0.037331343
4,locA MW 1.2 Amp,10,1.2,1.234871,0.034870982,0.034870982
4,locA MW 1.2 Amp,46,1.2,1.2554806,0.0554806,0.0554806
4,locA MW 1.2 Amp,43,1.2,1.2045882,0.004588127,0.004588127
4,locA MW 1.2 Amp,9,1.2,1.2738944,0.07389438,0.07389438
4,locA MW 1.2 Amp,66,1.2,1.2066256,0.006625533,0.006625533
4,locA MW 1.2 Amp,35,1.2,1.178897,-0.021103024,0.021103024
4,locA MW 1.2 Amp,75,1.2,1.2221078,0.02210772,0.02210772
4,locA MW 1.2 Amp,70,1.2,1.2451127,0.04511261,0.04511261
4,locA MW 1.2 Amp,78,1.2,1.2905586,0.09055853,0.09055853
4,locA MW 1.2 Amp,86,1.2,1.2448282,0.044828176,0.044828176
4,locA MW 1.2 Amp,15,1.2,1.2364898,0.036489725,0.036489725
4,locA MW 1.2 Amp,97,1.2,1.2655065,0.06550646,0.06550646
4,locA MW 1.2 Amp,65,1.2,1.2508218,0.05082178,0.05082178
4,locA MW 1.2 Amp,47,1.2,1.2389938,0.038993716,0.038993716
4,locA MW 1.2 Amp,53,1.2,1.2359332,0.035933137,0.035933137
4,locA MW 1.2 Amp,72,1.2,1.2566508,0.056650758,0.056650758
4,locA MW 1.2 Amp,23,1.2,1.2359856,0.03598559,0.03598559
4,locA MW 1.2 Amp,3,1.2,1.1896485,-0.010351539,0.010351539
4,locA MW 1.2 Amp,51,1.2,1.3324176,0.13241756,0.13241756
4,locA MW 1.2 Amp,69,1.2,1.2373649,0.03736484,0.03736484
4,locA MW 1.2 Amp,94,1.2,1.2110486,0.011048555,0.011048555
4,locA MW 1.2 Amp,71,1.2,1.2724953,0.07249522,0.07249522
4,locA MW 1.2 Amp,76,1.2,1.2029091,0.0029090643,0.0029090643
4,locA MW 1.2 Amp,24,1.2,1.2315365,0.03153646,0.03153646
4,locA MW 1.2 Amp,98,1.2,1.2387873,0.038787246,0.038787246
4,locA MW 1.2 Amp,2,1.2,1.2334174,0.033417344,0.033417344
4,locA MW 1.2 Amp,5,1.2,1.1911439,-0.008856177,0.008856177
4,locA MW 1.2 Amp,38,1.2,1.23367,0.03366995,0.03366995
4,locA MW 1.2 Amp,20,1.2,1.2595807,0.059580684,0.059580684
4,locA MW 1.2 Amp,16,1.2,1.2536932,0.053693175,0.053693175
4,locA MW 1.2 Amp,30,1.2,1.1778141,-0.022185922,0.022185922
4,locA MW 1.2 Amp,100,1.2,1.2777246,0.077724576,0.077724576
4,locA MW 1.2 Amp,1,1.2,1.2198784,0.019878387,0.019878387
4,locA MW 1.2 Amp,90,1.2,1.2087743,0.008774281,0.008774281
4,locA MW 1.2 Amp,7,1.2,1.2180129,0.018012881,0.018012881
4,locA MW 1.2 Amp,89,1.2,1.2313808,0.031380773,0.031380773
4,locA MW 1.2 Amp,50,1.2,1.3041162,0.1041162,0.1041162
4,locA MW 1.2 Amp,8,1.2,1.2823619,0.08236182,0.08236182
4,locA MW 1.2 Amp,6,1.2,1.2544198,0.054419756,0.054419756
4,locA MW 1.2 Amp,74,1.2,1.2497919,0.049791813,0.049791813
4,locA MW 1.2 Amp,93,1.2,1.1807401,-0.01925993,0.01925993
4,locA MW 1.2 Amp,64,1.2,1.2386312,0.0386312,0.0386312
4,locA MW 1.2 Amp,63,1.2,1.234458,0.034457922,0.034457922
4,locA MW 1.2 Amp,34,1.2,1.2037878,0.003787756,0.003787756
4,locA MW 1.2 Amp,44,1.2,1.2146393,0.014639258,0.014639258
4,locA MW 1.2 Amp,33,1.2,1.2452286,0.0452286,0.0452286
4,locA MW 1.2 Amp,29,1.2,1.1249951,-0.075004935,0.075004935
4,locA MW 1.2 Amp,88,1.2,1.2173723,0.01737225,0.01737225
4,locA MW 1.2 Amp,87,1.2,1.2207285,0.020728469,0.020728469
4,locA MW 1.2 Amp,45,1.2,1.262004,0.06200397,0.06200397
4,locA MW 1.2 Amp,57,1.2,1.2422875,0.04228747,0.04228747
4,locA MW 1.2 Amp,48,1.2,1.2680165,0.06801641,0.06801641
4,locA MW 1.2 Amp,85,1.2,1.2518249,0.051824808,0.051824808
4,locA MW 1.2 Amp,26,1.2,1.1769751,-0.023024917,0.023024917
4,locA MW 1.2 Amp,13,1.2,1.2234659,0.023465872,0.023465872
4,locA MW 1.2 Amp,22,1.2,1.2464327,0.046432614,0.046432614
4,locA MW 1.2 Amp,37,1.2,1.2068354,0.0068353415,0.0068353415
4,locA MW 1.2 Amp,32,1.2,1.219509,0.019508958,0.019508958
4,locA MW 1.2 Amp,25,1.2,1.1945162,-0.0054838657,0.0054838657
4,locA MW 1.2 Amp,79,1.2,1.275279,0.075279,0.075279
4,locA MW 1.2 Amp,77,1.2,1.2339066,0.03390658,0.03390658
4,locA MW 1.2 Amp,52,1.2,1.2942498,0.094249725,0.094249725
4,locA MW 1.2 Amp,28,1.2,1.155557,-0.04444301,0.04444301
4,locA MW 1.2 Amp,92,1.2,1.1967478,-0.0032522678,0.0032522678
4,locA MW 1.2 Amp,62,1.2,1.2263278,0.02632773,0.02632773
4,locA MW 1.2 Amp,36,1.2,1.2099015,0.009901404,0.009901404
4,locA MW 1.2 Amp,11,1.2,1.230102,0.030101895,0.030101895
4,locA MW 1.2 Amp,4,1.2,1.2075137,0.0075136423,0.0075136423
4,locA MW 1.2 Amp,55,1.2,1.2385241,0.03852403,0.03852403
4,locA MW 1.2 Amp,58,1.2,1.2201039,0.020103812,0.020103812
4,locA MW 1.2 Amp,61,1.2,1.1632916,-0.036708474,0.036708474
4,locA MW 1.2 Amp,17,1.2,1.279425,0.07942498,0.07942498
4,locA MW 1.2 Amp,91,1.2,1.192486,-0.007514,0.007514
4,locA MW 1.2 Amp,81,1.2,1.3063432,0.10634315,0.10634315
4,locA MW 1.2 Amp,83,1.2,1.2803624,0.08036232,0.08036232
4,locA MW 1.2 Amp,42,1.2,1.2598504,0.059850335,0.059850335
4,locA MW 1.2 Amp,27,1.2,1.1378964,-0.06210363,0.06210363
4,locA MW 1.2 Amp,95,1.2,1.2330347,0.033034682,0.033034682
4,locA MW 1.2 Amp,21,1.2,1.2421207,0.042120695,0.042120695
4,locA MW 1.2 Amp,99,1.2,1.214651,0.014650941,0.014650941
4,locA MW 1.2 Amp,19,1.2,1.2944301,0.09443009,0.09443009
4,locA MW 1.2 Amp,54,1.2,1.2241054,0.02410531,0.02410531
4,locA MW 1.2 Amp,56,1.2,1.2349344,0.0349344,0.0349344
4,locA MW 1.2 Amp,84,1.2,1.2371856,0.03718555,0.03718555
4,locA MW 1.2 Amp,82,1.2,1.2944468,0.09444678,0.09444678
4,locA MW 1.2 Amp,39,1.2,1.2515551,0.051555037,0.051555037
4,locA MW 1.2 Amp,59,1.2,1.2017604,0.0017603636,0.0017603636
4,locA MW 1.2 Amp,12,1.2,1.2116885,0.011688471,0.011688471
4,locA MW 1.2 Amp,67,1.2,1.1989889,-0.0010111332,0.0010111332
4,locA MW 1.2 Amp,18,1.2,1.3012267,0.10122669,0.10122669
4,locA MW 1.2 Amp,41,1.2,1.2553964,0.05539632,0.05539632
4,locA MW 1.2 Amp,80,1.2,1.2953306,0.095330596,0.095330596
4,locA MW 1.2 Amp,14,1.2,1.2092254,0.0092253685,0.0092253685
4,locA MW 1.2 Amp,49,1.2,1.2746842,0.07468414,0.07468414
4,locA MW 1.2 Amp,60,1.2,1.1468174,-0.053182602,0.053182602
4,locA MW 1.2 Amp,68,1.2,1.2272704,0.027270317,0.027270317
4,locA MW 1.2 Amp,73,1.2,1.2565713,0.056571245,0.056571245
4,locA MW 1.2 Amp,40,1.2,1.2759777,0.07597768,0.07597768
4,locA MW 1.2 Amp,96,1.2,1.2595098,0.059509754,0.059509754
4,locA MW 1.2 Amp,31,1.2,1.2132709,0.013270855,0.013270855
5,locA MW 1.5 Amp,10,1.5,1.3430616,-0.15693843,0.15693843
5,locA MW 1.5 Amp,46,1.5,1.445998,-0.054002047,0.054002047
5,locA MW 1.5 Amp,43,1.5,1.3788695,-0.12113047,0.12113047
5,locA MW 1.5 Amp,9,1.5,1.4400983,-0.059901714,0.059901714
5,locA MW 1.5 Amp,66,1.5,1.3626823,-0.13731766,0.13731766
5,locA MW 1.5 Amp,35,1.5,1.382781,-0.11721897,0.11721897
5,locA MW 1.5 Amp,75,1.5,1.410178,-0.089822054,0.089822054
5,locA MW 1.5 Amp,70,1.5,1.4672525,-0.032747507,0.032747507
5,locA MW 1.5 Amp,78,1.5,1.4514065,-0.04859352,0.04859352
5,locA MW 1.5 Amp,86,1.5,1.4519868,-0.04801321,0.04801321
5,locA MW 1.5 Amp,15,1.5,1.3842849,-0.115715146,0.115715146
5,locA MW 1.5 Amp,97,1.5,1.3612624,-0.13873756,0.13873756
5,locA MW 1.5 Amp,65,1.5,1.3978817,-0.10211825,0.10211825
5,locA MW 1.5 Amp,47,1.5,1.4474678,-0.052532196,0.052532196
5,locA MW 1.5 Amp,53,1.5,1.4427006,-0.057299376,0.057299376
5,locA MW 1.5 Amp,72,1.5,1.3696231,-0.13037694,0.13037694
5,locA MW 1.5 Amp,23,1.5,1.3949689,-0.10503113,0.10503113
5,locA MW 1.5 Amp,3,1.5,1.4677138,-0.032286167,0.032286167
5,locA MW 1.5 Amp,51,1.5,1.4105564,-0.089443564,0.089443564
5,locA MW 1.5 Amp,69,1.5,1.4266901,-0.0733099,0.0733099
5,locA MW 1.5 Amp,94,1.5,1.4090993,-0.09090066,0.09090066
5,locA MW 1.5 Amp,71,1.5,1.4566137,-0.04338634,0.04338634
5,locA MW 1.5 Amp,76,1.5,1.3964264,-0.10357356,0.10357356
5,locA MW 1.5 Amp,24,1.5,1.3805735,-0.11942649,0.11942649
5,locA MW 1.5 Amp,98,1.5,1.3368542,-0.16314578,0.16314578
5,locA MW 1.5 Amp,2,1.5,1.4672108,-0.03278923,0.03278923
5,locA MW 1.5 Amp,5,1.5,1.4445279,-0.055472136,0.055472136
5,locA MW 1.5 Amp,38,1.5,1.4448977,-0.05510235,0.05510235
5,locA MW 1.5 Amp,20,1.5,1.4639322,-0.036067843,0.036067843
5,locA MW 1.5 Amp,16,1.5,1.474335,-0.025665045,0.025665045
5,locA MW 1.5 Amp,30,1.5,1.3901496,-0.10985041,0.10985041
5,locA MW 1.5 Amp,100,1.5,1.4377017,-0.062298298,0.062298298
5,locA MW 1.5 Amp,1,1.5,1.4215952,-0.078404784,0.078404784
5,locA MW 1.5 Amp,90,1.5,1.4190147,-0.08098531,0.08098531
5,locA MW 1.5 Amp,7,1.5,1.4136323,-0.08636773,0.08636773
5,locA MW 1.5 Amp,89,1.5,1.4140632,-0.085936785,0.085936785
5,locA MW 1.5 Amp,50,1.5,1.4634541,-0.036545873,0.036545873
5,locA MW 1.5 Amp,8,1.5,1.4394205,-0.06057954,0.06057954
5,locA MW 1.5 Amp,6,1.5,1.4050157,-0.09498429,0.09498429
5,locA MW 1.5 Amp,74,1.5,1.355564,-0.144436,0.144436
5,locA MW 1.5 Amp,93,1.5,1.3479838,-0.15201616,0.15201616
5,locA MW 1.5 Amp,64,1.5,1.3416572,-0.15834284,0.15834284
5,locA MW 1.5 Amp,63,1.5,1.4071584,-0.092841625,0.092841625
5,locA MW 1.5 Amp,34,1.5,1.3659769,-0.13402307,0.13402307
5,locA MW 1.5 Amp,44,1.5,1.3974628,-0.102537155,0.102537155
5,locA MW 1.5 Amp,33,1.5,1.4175553,-0.08244467,0.08244467
5,locA MW 1.5 Amp,29,1.5,1.3104353,-0.1895647,0.1895647
5,locA MW 1.5 Amp,88,1.5,1.4468743,-0.05312574,0.05312574
5,locA MW 1.5 Amp,87,1.5,1.4418216,-0.058178425,0.058178425
5,locA MW 1.5 Amp,45,1.5,1.3867456,-0.11325443,0.11325443
5,locA MW 1.5 Amp,57,1.5,1.4328771,-0.067122936,0.067122936
5,locA MW 1.5 Amp,48,1.5,1.4704838,-0.02951622,0.02951622
5,locA MW 1.5 Amp,85,1.5,1.5243425,0.024342537,0.024342537
5,locA MW 1.5 Amp,26,1.5,1.3744335,-0.12556648,0.12556648
5,locA MW 1.5 Amp,13,1.5,1.3476888,-0.1523112,0.1523112
5,locA MW 1.5 Amp,22,1.5,1.4279759,-0.07202411,0.07202411
5,locA MW 1.5 Amp,37,1.5,1.4525697,-0.047430277,0.047430277
5,locA MW 1.5 Amp,32,1.5,1.3971877,-0.10281229,0.10281229
5,locA MW 1.5 Amp,25,1.5,1.3770896,-0.12291038,0.12291038
5,locA MW 1.5 Amp,79,1.5,1.4571798,-0.042820215,0.042820215
5,locA MW 1.5 Amp,77,1.5,1.4009546,-0.099045396,0.099045396
5,locA MW 1.5 Amp,52,1.5,1.4877993,-0.012200713,0.012200713
5,locA MW 1.5 Amp,28,1.5,1.3018334,-0.19816661,0.19816661
5,locA MW 1.5 Amp,92,1.5,1.3390347,-0.16096532,0.16096532
5,locA MW 1.5 Amp,62,1.5,1.3749566,-0.12504339,0.12504339
5,locA MW 1.5 Amp,36,1.5,1.4023173,-0.097682714,0.097682714
5,locA MW 1.5 Amp,11,1.5,1.3940499,-0.10595012,0.10595012
5,locA MW 1.5 Amp,4,1.5,1.4288706,-0.07112944,0.07112944
5,locA MW 1.5 Amp,55,1.5,1.3961823,-0.1038177,0.1038177
5,locA MW 1.5 Amp,58,1.5,1.3915795,-0.10842049,0.10842049
5,locA MW 1.5 Amp,61,1.5,1.3642664,-0.1357336,0.1357336
5,locA MW 1.5 Amp,17,1.5,1.4442909,-0.055709124,0.055709124
5,locA MW 1.5 Amp,91,1.5,1.368058,-0.13194203,0.13194203
5,locA MW 1.5 Amp,81,1.5,1.4705154,-0.02948463,0.02948463
5,locA MW 1.5 Amp,83,1.5,1.4686108,-0.031389236,0.031389236
5,locA MW 1.5 Amp,42,1.5,1.3751916,-0.12480843,0.12480843
5,locA MW 1.5 Amp,27,1.5,1.3210882,-0.1789118,0.1789118
5,locA MW 1.5 Amp,95,1.5,1.4263092,-0.07369077,0.07369077
5,locA MW 1.5 Amp,21,1.5,1.504693,0.0046930313,0.0046930313
5,locA MW 1.5 Amp,99,1.5,1.3366113,-0.16338873,0.16338873
5,locA MW 1.5 Amp,19,1.5,1.4369295,-0.063070536,0.063070536
5,locA MW 1.5 Amp,54,1.5,1.4619713,-0.038028717,0.038028717
5,locA MW 1.5 Amp,56,1.5,1.4536661,-0.04633391,0.04633391
5,locA MW 1.5 Amp,84,1.5,1.5128448,0.012844801,0.012844801
5,locA MW 1.5 Amp,82,1.5,1.4408077,-0.0591923,0.0591923
5,locA MW 1.5 Amp,39,1.5,1.4420092,-0.05799079,0.05799079
5,locA MW 1.5 Amp,59,1.5,1.3707736,-0.12922645,0.12922645
5,locA MW 1.5 Amp,12,1.5,1.3450884,-0.15491164,0.15491164
5,locA MW 1.5 Amp,67,1.5,1.3636699,-0.13633013,0.13633013
5,locA MW 1.5 Amp,18,1.5,1.4477634,-0.052236557,0.052236557
5,locA MW 1.5 Amp,41,1.5,1.3597937,-0.14020634,0.14020634
5,locA MW 1.5 Amp,80,1.5,1.4564705,-0.04352951,0.04352951
5,locA MW 1.5 Amp,14,1.5,1.4021735,-0.09782648,0.09782648
5,locA MW 1.5 Amp,49,1.5,1.4259214,-0.07407856,0.07407856
5,locA MW 1.5 Amp,60,1.5,1.3407726,-0.15922737,0.15922737
5,locA MW 1.5 Amp,68,1.5,1.3878893,-0.112110734,0.112110734
5,locA MW 1.5 Amp,73,1.5,1.393417,-0.106583,0.106583
5,locA MW 1.5 Amp,40,1.5,1.4229426,-0.07705736,0.07705736
5,locA MW 1.5 Amp,96,1.5,1.3347086,-0.16529143,0.16529143
5,locA MW 1.5 Amp,31,1.5,1.3970736,-0.10292637,0.10292637
6,locA MW 1.7 Amp,10,1.7,1.8029917,0.1029917,0.1029917
6,locA MW 1.7 Amp,46,1.7,1.8326181,0.13261807,0.13261807
6,locA MW 1.7 Amp,43,1.7,1.8328317,0.1328317,0.1328317
6,locA MW 1.7 Amp,9,1.7,1.788661,0.088660955,0.088660955
6,locA MW 1.7 Amp,66,1.7,1.8352578,0.13525772,0.13525772
6,locA MW 1.7 Amp,35,1.7,1.8833681,0.18336809,0.18336809
6,locA MW 1.7 Amp,75,1.7,1.8619967,0.1619966,0.1619966
6,locA MW 1.7 Amp,70,1.7,1.8295414,0.1295414,0.1295414
6,locA MW 1.7 Amp,78,1.7,1.8602731,0.16027308,0.16027308
6,locA MW 1.7 Amp,86,1.7,1.9545306,0.25453055,0.25453055
6,locA MW 1.7 Amp,15,1.7,1.8461983,0.14619827,0.14619827
6,locA MW 1.7 Amp,97,1.7,1.901126,0.20112598,0.20112598
6,locA MW 1.7 Amp,65,1.7,1.8644748,0.16447473,0.16447473
6,locA MW 1.7 Amp,47,1.7,1.8333937,0.13339365,0.13339365
6,locA MW 1.7 Amp,53,1.7,1.9782451,0.2782451,0.2782451
6,locA MW 1.7 Amp,72,1.7,1.8848691,0.18486905,0.18486905
6,locA MW 1.7 Amp,23,1.7,1.936769,0.23676896,0.23676896
6,locA MW 1.7 Amp,3,1.7,1.8510463,0.15104628,0.15104628
6,locA MW 1.7 Amp,51,1.7,1.9029078,0.2029078,0.2029078
6,locA MW 1.7 Amp,69,1.7,1.8233953,0.123395205,0.123395205
6,locA MW 1.7 Amp,94,1.7,1.8739785,0.17397845,0.17397845
6,locA MW 1.7 Amp,71,1.7,1.8334883,0.1334883,0.1334883
6,locA MW 1.7 Amp,76,1.7,1.8124759,0.11247587,0.11247587
6,locA MW 1.7 Amp,24,1.7,1.8812319,0.18123186,0.18123186
6,locA MW 1.7 Amp,98,1.7,1.8549834,0.1549834,0.1549834
6,locA MW 1.7 Amp,2,1.7,1.8442125,0.14421248,0.14421248
6,locA MW 1.7 Amp,5,1.7,1.7896411,0.089641094,0.089641094
6,locA MW 1.7 Amp,38,1.7,1.7991376,0.099137545,0.099137545
6,locA MW 1.7 Amp,20,1.7,1.9806168,0.28061676,0.28061676
6,locA MW 1.7 Amp,16,1.7,1.853987,0.15398693,0.15398693
6,locA MW 1.7 Amp,30,1.7,1.8899187,0.18991864,0.18991864
6,locA MW 1.7 Amp,100,1.7,1.8587912,0.15879118,0.15879118
6,locA MW 1.7 Amp,1,1.7,1.8254297,0.12542963,0.12542963
6,locA MW 1.7 Amp,90,1.7,1.8738463,0.17384624,0.17384624
6,locA MW 1.7 Amp,7,1.7,1.7968893,0.09688926,0.09688926
6,locA MW 1.7 Amp,89,1.7,1.9003818,0.20038176,0.20038176
6,locA MW 1.7 Amp,50,1.7,1.8529457,0.15294564,0.15294564
6,locA MW 1.7 Amp,8,1.7,1.7855821,0.08558202,0.08558202
6,locA MW 1.7 Amp,6,1.7,1.7357368,0.0357368,0.0357368
6,locA MW 1.7 Amp,74,1.7,1.8146868,0.11468673,0.11468673
6,locA MW 1.7 Amp,93,1.7,1.8856584,0.18565834,0.18565834
6,locA MW 1.7 Amp,64,1.7,1.8799624,0.1799624,0.1799624
6,locA MW 1.7 Amp,63,1.7,1.8420209,0.14202082,0.14202082
6,locA MW 1.7 Amp,34,1.7,1.882332,0.18233192,0.18233192
6,locA MW 1.7 Amp,44,1.7,1.8230994,0.12309933,0.12309933
6,locA MW 1.7 Amp,33,1.7,1.8816991,0.18169904,0.18169904
6,locA MW 1.7 Amp,29,1.7,1.9719816,0.2719816,0.2719816
6,locA MW 1.7 Amp,88,1.7,1.9076785,0.20767844,0.20767844
6,locA MW 1.7 Amp,87,1.7,1.9402902,0.24029016,0.24029016
6,locA MW 1.7 Amp,45,1.7,1.8772722,0.1772722,0.1772722
6,locA MW 1.7 Amp,57,1.7,1.8280141,0.12801409,0.12801409
6,locA MW 1.7 Amp,48,1.7,1.8691874,0.1691873,0.1691873
6,locA MW 1.7 Amp,85,1.7,1.9502401,0.2502401,0.2502401
6,locA MW 1.7 Amp,26,1.7,1.8624103,0.16241026,0.16241026
6,locA MW 1.7 Amp,13,1.7,1.7998599,0.09985983,0.09985983
6,locA MW 1.7 Amp,22,1.7,1.9638239,0.26382387,0.26382387
6,locA MW 1.7 Amp,37,1.7,1.8757472,0.17574716,0.17574716
6,locA MW 1.7 Amp,32,1.7,1.8468933,0.14689326,0.14689326
6,locA MW 1.7 Amp,25,1.7,1.8874052,0.18740511,0.18740511
6,locA MW 1.7 Amp,79,1.7,1.8650551,0.16505504,0.16505504
6,locA MW 1.7 Amp,77,1.7,1.816712,0.116711974,0.116711974
6,locA MW 1.7 Amp,52,1.7,1.9071888,0.20718873,0.20718873
6,locA MW 1.7 Amp,28,1.7,1.9111032,0.2111032,0.2111032
6,locA MW 1.7 Amp,92,1.7,1.9138906,0.21389055,0.21389055
6,locA MW 1.7 Amp,62,1.7,1.9057169,0.20571685,0.20571685
6,locA MW 1.7 Amp,36,1.7,1.8577325,0.15773249,0.15773249
6,locA MW 1.7 Amp,11,1.7,1.8154193,0.11541927,0.11541927
6,locA MW 1.7 Amp,4,1.7,1.8220794,0.12207937,0.12207937
6,locA MW 1.7 Amp,55,1.7,1.8899293,0.18992925,0.18992925
6,locA MW 1.7 Amp,58,1.7,1.8438265,0.14382648,0.14382648
6,locA MW 1.7 Amp,61,1.7,1.9252446,0.22524452,0.22524452
6,locA MW 1.7 Amp,17,1.7,1.8862286,0.18622851,0.18622851
6,locA MW 1.7 Amp,91,1.7,1.9267534,0.22675335,0.22675335
6,locA MW 1.7 Amp,81,1.7,1.8849509,0.18495083,0.18495083
6,locA MW 1.7 Amp,83,1.7,1.9011905,0.20119047,0.20119047
6,locA MW 1.7 Amp,42,1.7,1.7862227,0.08622265,0.08622265
6,locA MW 1.7 Amp,27,1.7,1.9381747,0.23817468,0.23817468
6,locA MW 1.7 Amp,95,1.7,1.8930402,0.19304013,0.19304013
6,locA MW 1.7 Amp,21,1.7,1.948436,0.24843597,0.24843597
6,locA MW 1.7 Amp,99,1.7,1.8573022,0.15730214,0.15730214
6,locA MW 1.7 Amp,19,1.7,1.87785,0.17785001,0.17785001
6,locA MW 1.7 Amp,54,1.7,1.9589181,0.25891805,0.25891805
6,locA MW 1.7 Amp,56,1.7,1.9144632,0.21446311,0.21446311
6,locA MW 1.7 Amp,84,1.7,1.90729,0.20728993,0.20728993
6,locA MW 1.7 Amp,82,1.7,1.861742,0.16174197,0.16174197
6,locA MW 1.7 Amp,39,1.7,1.8029867,0.10298669,0.10298669
6,locA MW 1.7 Amp,59,1.7,1.8656378,0.16563773,0.16563773
6,locA MW 1.7 Amp,12,1.7,1.8661767,0.16617668,0.16617668
6,locA MW 1.7 Amp,67,1.7,1.8131914,0.113191366,0.113191366
6,locA MW 1.7 Amp,18,1.7,1.8646383,0.16463828,0.16463828
6,locA MW 1.7 Amp,41,1.7,1.8229344,0.12293434,0.12293434
6,locA MW 1.7 Amp,80,1.7,1.9045123,0.20451224,0.20451224
6,locA MW 1.7 Amp,14,1.7,1.8165674,0.11656737,0.11656737
6,locA MW 1.7 Amp,49,1.7,1.8765574,0.1765573,0.1765573
6,locA MW 1.7 Amp,60,1.7,1.8853108,0.18531072,0.18531072
6,locA MW 1.7 Amp,68,1.7,1.8242815,0.12428141,0.12428141
6,locA MW 1.7 Amp,73,1.7,1.8407593,0.14075923,0.14075923
6,locA MW 1.7 Amp,40,1.7,1.813842,0.11384201,0.11384201
6,locA MW 1.7 Amp,96,1.7,1.8614795,0.16147947,0.16147947
6,locA MW 1.7 Amp,31,1.7,1.8470986,0.14709854,0.14709854
7,locA MW 2 Amp,10,2.0,1.9308436,-0.06915641,0.06915641
7,locA MW 2 Amp,46,2.0,1.7847915,-0.21520853,0.21520853
7,locA MW 2 Amp,43,2.0,1.9700186,-0.029981375,0.029981375
7,locA MW 2 Amp,9,2.0,1.9010872,-0.098912835,0.098912835
7,locA MW 2 Amp,66,2.0,1.9761403,-0.02385974,0.02385974
7,locA MW 2 Amp,35,2.0,1.8934515,-0.10654855,0.10654855
7,locA MW 2 Amp,75,2.0,1.9810743,-0.018925667,0.018925667
7,locA MW 2 Amp,70,2.0,1.8902335,-0.10976648,0.10976648
7,locA MW 2 Amp,78,2.0,1.8667108,-0.13328922,0.13328922
7,locA MW 2 Amp,86,2.0,1.914091,-0.08590901,0.08590901
7,locA MW 2 Amp,15,2.0,1.8749473,-0.12505269,0.12505269
7,locA MW 2 Amp,97,2.0,1.960145,-0.039855003,0.039855003
7,locA MW 2 Amp,65,2.0,1.9567195,-0.043280482,0.043280482
7,locA MW 2 Amp,47,2.0,1.8086233,-0.19137669,0.19137669
7,locA MW 2 Amp,53,2.0,1.902666,-0.09733403,0.09733403
7,locA MW 2 Amp,72,2.0,1.8372564,-0.16274357,0.16274357
7,locA MW 2 Amp,23,2.0,1.8289573,-0.17104268,0.17104268
7,locA MW 2 Amp,3,2.0,1.8669606,-0.13303936,0.13303936
7,locA MW 2 Amp,51,2.0,1.9135364,-0.08646357,0.08646357
7,locA MW 2 Amp,69,2.0,1.8729938,-0.12700617,0.12700617
7,locA MW 2 Amp,94,2.0,1.9412862,-0.058713794,0.058713794
7,locA MW 2 Amp,71,2.0,1.9127185,-0.087281466,0.087281466
7,locA MW 2 Amp,76,2.0,1.919666,-0.08033395,0.08033395
7,locA MW 2 Amp,24,2.0,1.7886361,-0.21136391,0.21136391
7,locA MW 2 Amp,98,2.0,1.99471,-0.0052900314,0.0052900314
7,locA MW 2 Amp,2,2.0,1.8680937,-0.13190627,0.13190627
7,locA MW 2 Amp,5,2.0,1.8563154,-0.14368463,0.14368463
7,locA MW 2 Amp,38,2.0,1.8836523,-0.11634767,0.11634767
7,locA MW 2 Amp,20,2.0,1.91787,-0.082129955,0.082129955
7,locA MW 2 Amp,16,2.0,1.9565929,-0.043407083,0.043407083
7,locA MW 2 Amp,30,2.0,1.9482355,-0.05176449,0.05176449
7,locA MW 2 Amp,100,2.0,1.8637455,-0.13625455,0.13625455
7,locA MW 2 Amp,1,2.0,1.9821451,-0.017854929,0.017854929
7,locA MW 2 Amp,90,2.0,1.8205265,-0.17947352,0.17947352
7,locA MW 2 Amp,7,2.0,1.8659868,-0.13401318,0.13401318
7,locA MW 2 Amp,89,2.0,1.7919421,-0.20805788,0.20805788
7,locA MW 2 Amp,50,2.0,1.9267746,-0.07322538,0.07322538
7,locA MW 2 Amp,8,2.0,1.8241237,-0.17587626,0.17587626
7,locA MW 2 Amp,6,2.0,1.8771436,-0.12285638,0.12285638
7,locA MW 2 Amp,74,2.0,1.9103086,-0.0896914,0.0896914
7,locA MW 2 Amp,93,2.0,1.9335579,-0.06644213,0.06644213
7,locA MW 2 Amp,64,2.0,1.8633316,-0.13666844,0.13666844
7,locA MW 2 Amp,63,2.0,1.8942393,-0.10576069,0.10576069
7,locA MW 2 Amp,34,2.0,1.9792084,-0.02079165,0.02079165
7,locA MW 2 Amp,44,2.0,1.932081,-0.067919016,0.067919016
7,locA MW 2 Amp,33,2.0,1.9387634,-0.06123662,0.06123662
7,locA MW 2 Amp,29,2.0,1.9246879,-0.07531214,0.07531214
7,locA MW 2 Amp,88,2.0,1.7987525,-0.20124745,0.20124745
7,locA MW 2 Amp,87,2.0,1.8014057,-0.19859433,0.19859433
7,locA MW 2 Amp,45,2.0,1.8549775,-0.14502251,0.14502251
7,locA MW 2 Amp,57,2.0,1.8510604,-0.14893961,0.14893961
7,locA MW 2 Amp,48,2.0,1.921905,-0.07809496,0.07809496
7,locA MW 2 Amp,85,2.0,1.9086133,-0.091386676,0.091386676
7,locA MW 2 Amp,26,2.0,1.8599565,-0.1400435,0.1400435
7,locA MW 2 Amp,13,2.0,1.8657202,-0.13427985,0.13427985
7,locA MW 2 Amp,22,2.0,1.9186887,-0.081311345,0.081311345
7,locA MW 2 Amp,37,2.0,1.8604858,-0.13951421,0.13951421
7,locA MW 2 Amp,32,2.0,1.9415174,-0.058482647,0.058482647
7,locA MW 2 Amp,25,2.0,1.8382643,-0.16173565,0.16173565
7,locA MW 2 Amp,79,2.0,1.8861914,-0.11380863,0.11380863
7,locA MW 2 Amp,77,2.0,1.9228013,-0.077198744,0.077198744
7,locA MW 2 Amp,52,2.0,1.922051,-0.07794905,0.07794905
7,locA MW 2 Amp,28,2.0,1.9533331,-0.04666686,0.04666686
7,locA MW 2 Amp,92,2.0,1.9440078,-0.055992246,0.055992246
7,locA MW 2 Amp,62,2.0,1.9175736,-0.08242643,0.08242643
7,locA MW 2 Amp,36,2.0,1.9016237,-0.098376274,0.098376274
7,locA MW 2 Amp,11,2.0,1.9562435,-0.043756485,0.043756485
7,locA MW 2 Amp,4,2.0,1.8490896,-0.15091038,0.15091038
7,locA MW 2 Amp,55,2.0,1.9097977,-0.09020233,0.09020233
7,locA MW 2 Amp,58,2.0,1.8971409,-0.10285914,0.10285914
7,locA MW 2 Amp,61,2.0,1.9518057,-0.04819429,0.04819429
7,locA MW 2 Amp,17,2.0,1.970055,-0.029945016,0.029945016
7,locA MW 2 Amp,91,2.0,1.9441643,-0.055835724,0.055835724
7,locA MW 2 Amp,81,2.0,1.9597905,-0.04020953,0.04020953
7,locA MW 2 Amp,83,2.0,1.92305,-0.076949954,0.076949954
7,locA MW 2 Amp,42,2.0,1.9585733,-0.04142666,0.04142666
7,locA MW 2 Amp,27,2.0,1.9571359,-0.042864084,0.042864084
7,locA MW 2 Amp,95,2.0,1.9045315,-0.09546852,0.09546852
7,locA MW 2 Amp,21,2.0,1.9197633,-0.08023667,0.08023667
7,locA MW 2 Amp,99,2.0,1.9235897,-0.07641029,0.07641029
7,locA MW 2 Amp,19,2.0,1.9002475,-0.099752545,0.099752545
7,locA MW 2 Amp,54,2.0,1.9015881,-0.09841192,0.09841192
7,locA MW 2 Amp,56,2.0,1.8221729,-0.17782712,0.17782712
7,locA MW 2 Amp,84,2.0,1.8942747,-0.10572529,0.10572529
7,locA MW 2 Amp,82,2.0,1.9386594,-0.06134057,0.06134057
7,locA MW 2 Amp,39,2.0,1.8568337,-0.1431663,0.1431663
7,locA MW 2 Amp,59,2.0,1.9404731,-0.05952692,0.05952692
7,locA MW 2 Amp,12,2.0,1.9319758,-0.06802416,0.06802416
7,locA MW 2 Amp,67,2.0,1.8818804,-0.1181196,0.1181196
7,locA MW 2 Amp,18,2.0,1.9826524,-0.017347574,0.017347574
7,locA MW 2 Amp,41,2.0,1.9290884,-0.070911646,0.070911646
7,locA MW 2 Amp,80,2.0,1.8728588,-0.12714124,0.12714124
7,locA MW 2 Amp,14,2.0,1.9111502,-0.08884978,0.08884978
7,locA MW 2 Amp,49,2.0,1.9809949,-0.01900506,0.01900506
7,locA MW 2 Amp,60,2.0,1.9140947,-0.08590531,0.08590531
7,locA MW 2 Amp,68,2.0,1.8843906,-0.11560941,0.11560941
7,locA MW 2 Amp,73,2.0,1.8919728,-0.10802722,0.10802722
7,locA MW 2 Amp,40,2.0,1.8108364,-0.18916357,0.18916357
7,locA MW 2 Amp,96,2.0,1.914279,-0.085721016,0.085721016
7,locA MW 2 Amp,31,2.0,1.9275156,-0.072484374,0.072484374
8,locA MW 2.2 Amp,10,2.2,2.2250764,0.02507639,0.02507639
8,locA MW 2.2 Amp,46,2.2,2.2338057,0.03380561,0.03380561
8,locA MW 2.2 Amp,43,2.2,2.224596,0.024595976,0.024595976
8,locA MW 2.2 Amp,9,2.2,2.2036042,0.0036041737,0.0036041737
8,locA MW 2.2 Amp,66,2.2,2.251548,0.051548004,0.051548004
8,locA MW 2.2 Amp,35,2.2,2.239358,0.0393579,0.0393579
8,locA MW 2.2 Amp,75,2.2,2.251885,0.05188489,0.05188489
8,locA MW 2.2 Amp,70,2.2,2.2980087,0.09800863,0.09800863
8,locA MW 2.2 Amp,78,2.2,2.2017536,0.0017535686,0.0017535686
8,locA MW 2.2 Amp,86,2.2,2.359778,0.15977788,0.15977788
8,locA MW 2.2 Amp,15,2.2,2.357334,0.15733385,0.15733385
8,locA MW 2.2 Amp,97,2.2,2.324849,0.12484884,0.12484884
8,locA MW 2.2 Amp,65,2.2,2.3122892,0.11228919,0.11228919
8,locA MW 2.2 Amp,47,2.2,2.4031656,0.20316553,0.20316553
8,locA MW 2.2 Amp,53,2.2,2.338328,0.13832784,0.13832784
8,locA MW 2.2 Amp,72,2.2,2.322703,0.12270284,0.12270284
8,locA MW 2.2 Amp,23,2.2,2.3152418,0.115241766,0.115241766
8,locA MW 2.2 Amp,3,2.2,2.1831713,-0.016828775,0.016828775
8,locA MW 2.2 Amp,51,2.2,2.1840076,-0.015992403,0.015992403
8,locA MW 2.2 Amp,69,2.2,2.2183402,0.01834011,0.01834011
8,locA MW 2.2 Amp,94,2.2,2.233525,0.03352499,0.03352499
8,locA MW 2.2 Amp,71,2.2,2.2761002,0.07610011,0.07610011
8,locA MW 2.2 Amp,76,2.2,2.2254674,0.025467396,0.025467396
8,locA MW 2.2 Amp,24,2.2,2.2439399,0.04393983,0.04393983
8,locA MW 2.2 Amp,98,2.2,2.2697816,0.06978154,0.06978154
8,locA MW 2.2 Amp,2,2.2,2.2718015,0.071801424,0.071801424
8,locA MW 2.2 Amp,5,2.2,2.253971,0.053971052,0.053971052
8,locA MW 2.2 Amp,38,2.2,2.2783618,0.07836175,0.07836175
8,locA MW 2.2 Amp,20,2.2,2.2411222,0.041122198,0.041122198
8,locA MW 2.2 Amp,16,2.2,2.279624,0.07962394,0.07962394
8,locA MW 2.2 Amp,30,2.2,2.2216136,0.021613598,0.021613598
8,locA MW 2.2 Amp,100,2.2,2.2762558,0.0762558,0.0762558
8,locA MW 2.2 Amp,1,2.2,2.2000256,2.5510788e-05,2.5510788e-05
8,locA MW 2.2 Amp,90,2.2,2.3162973,0.116297245,0.116297245
8,locA MW 2.2 Amp,7,2.2,2.2430768,0.043076754,0.043076754
8,locA MW 2.2 Amp,89,2.2,2.276146,0.07614589,0.07614589
8,locA MW 2.2 Amp,50,2.2,2.2895365,0.08953643,0.08953643
8,locA MW 2.2 Amp,8,2.2,2.2626336,0.062633514,0.062633514
8,locA MW 2.2 Amp,6,2.2,2.2783437,0.07834363,0.07834363
8,locA MW 2.2 Amp,74,2.2,2.2786813,0.07868123,0.07868123
8,locA MW 2.2 Amp,93,2.2,2.3335617,0.13356161,0.13356161
8,locA MW 2.2 Amp,64,2.2,2.2424579,0.04245782,0.04245782
8,locA MW 2.2 Amp,63,2.2,2.2761014,0.0761013,0.0761013
8,locA MW 2.2 Amp,34,2.2,2.2414074,0.041407347,0.041407347
8,locA MW 2.2 Amp,44,2.2,2.2060418,0.006041765,0.006041765
8,locA MW 2.2 Amp,33,2.2,2.3111138,0.11111379,0.11111379
8,locA MW 2.2 Amp,29,2.2,2.2902102,0.0902102,0.0902102
8,locA MW 2.2 Amp,88,2.2,2.2517245,0.051724434,0.051724434
8,locA MW 2.2 Amp,87,2.2,2.291685,0.09168506,0.09168506
8,locA MW 2.2 Amp,45,2.2,2.2002442,0.00024414062,0.00024414062
8,locA MW 2.2 Amp,57,2.2,2.2076867,0.007686615,0.007686615
8,locA MW 2.2 Amp,48,2.2,2.31339,0.11338997,0.11338997
8,locA MW 2.2 Amp,85,2.2,2.4108467,0.21084666,0.21084666
8,locA MW 2.2 Amp,26,2.2,2.2717292,0.07172918,0.07172918
8,locA MW 2.2 Amp,13,2.2,2.1624374,-0.03756261,0.03756261
8,locA MW 2.2 Amp,22,2.2,2.305128,0.10512805,0.10512805
8,locA MW 2.2 Amp,37,2.2,2.236527,0.03652692,0.03652692
8,locA MW 2.2 Amp,32,2.2,2.304761,0.104760885,0.104760885
8,locA MW 2.2 Amp,25,2.2,2.2262087,0.02620864,0.02620864
8,locA MW 2.2 Amp,79,2.2,2.3482375,0.14823747,0.14823747
8,locA MW 2.2 Amp,77,2.2,2.1786656,-0.02133441,0.02133441
8,locA MW 2.2 Amp,52,2.2,2.2848895,0.08488941,0.08488941
8,locA MW 2.2 Amp,28,2.2,2.3290167,0.12901664,0.12901664
8,locA MW 2.2 Amp,92,2.2,2.285072,0.08507204,0.08507204
8,locA MW 2.2 Amp,62,2.2,2.23623,0.03622985,0.03622985
8,locA MW 2.2 Amp,36,2.2,2.2414553,0.04145527,0.04145527
8,locA MW 2.2 Amp,11,2.2,2.213833,0.013833046,0.013833046
8,locA MW 2.2 Amp,4,2.2,2.2033858,0.0033857822,0.0033857822
8,locA MW 2.2 Amp,55,2.2,2.2773993,0.077399254,0.077399254
8,locA MW 2.2 Amp,58,2.2,2.270308,0.07030797,0.07030797
8,locA MW 2.2 Amp,61,2.2,2.2609897,0.06098962,0.06098962
8,locA MW 2.2 Amp,17,2.2,2.3295765,0.12957644,0.12957644
8,locA MW 2.2 Amp,91,2.2,2.300109,0.10010886,0.10010886
8,locA MW 2.2 Amp,81,2.2,2.4053152,0.20531511,0.20531511
8,locA MW 2.2 Amp,83,2.2,2.2181756,0.018175602,0.018175602
8,locA MW 2.2 Amp,42,2.2,2.2926137,0.0926137,0.0926137
8,locA MW 2.2 Amp,27,2.2,2.2871828,0.08718276,0.08718276
8,locA MW 2.2 Amp,95,2.2,2.2696989,0.06969881,0.06969881
8,locA MW 2.2 Amp,21,2.2,2.3094358,0.1094358,0.1094358
8,locA MW 2.2 Amp,99,2.2,2.279739,0.079738855,0.079738855
8,locA MW 2.2 Amp,19,2.2,2.1747384,-0.02526164,0.02526164
8,locA MW 2.2 Amp,54,2.2,2.3216999,0.12169981,0.12169981
8,locA MW 2.2 Amp,56,2.2,2.2120233,0.0120232105,0.0120232105
8,locA MW 2.2 Amp,84,2.2,2.3539908,0.15399075,0.15399075
8,locA MW 2.2 Amp,82,2.2,2.2591724,0.059172392,0.059172392
8,locA MW 2.2 Amp,39,2.2,2.291871,0.09187102,0.09187102
8,locA MW 2.2 Amp,59,2.2,2.3181376,0.1181376,0.1181376
8,locA MW 2.2 Amp,12,2.2,2.2232282,0.023228168,0.023228168
8,locA MW 2.2 Amp,67,2.2,2.2476954,0.0476954,0.0476954
8,locA MW 2.2 Amp,18,2.2,2.211115,0.011114836,0.011114836
8,locA MW 2.2 Amp,41,2.2,2.2971132,0.09711313,0.09711313
8,locA MW 2.2 Amp,80,2.2,2.3721387,0.17213869,0.17213869
8,locA MW 2.2 Amp,14,2.2,2.2211852,0.02118516,0.02118516
8,locA MW 2.2 Amp,49,2.2,2.3950286,0.19502854,0.19502854
8,locA MW 2.2 Amp,60,2.2,2.2925038,0.092503786,0.092503786
8,locA MW 2.2 Amp,68,2.2,2.2462144,0.046214342,0.046214342
8,locA MW 2.2 Amp,73,2.2,2.3184807,0.11848068,0.11848068
8,locA MW 2.2 Amp,40,2.2,2.2299435,0.029943466,0.029943466
8,locA MW 2.2 Amp,96,2.2,2.2510235,0.051023483,0.051023483
8,locA MW 2.2 Amp,31,2.2,2.261763,0.06176305,0.06176305
9,locA MW 2.5 Amp,10,2.5,2.85542,0.3554201,0.3554201
9,locA MW 2.5 Amp,46,2.5,2.6562195,0.15621948,0.15621948
9,locA MW 2.5 Amp,43,2.5,2.7116218,0.21162176,0.21162176
9,locA MW 2.5 Amp,9,2.5,2.8482847,0.34828472,0.34828472
9,locA MW 2.5 Amp,66,2.5,2.671566,0.17156601,0.17156601
9,locA MW 2.5 Amp,35,2.5,2.679174,0.17917395,0.17917395
9,locA MW 2.5 Amp,75,2.5,2.8165483,0.31654835,0.31654835
9,locA MW 2.5 Amp,70,2.5,2.6158137,0.11581373,0.11581373
9,locA MW 2.5 Amp,78,2.5,2.6279263,0.12792635,0.12792635
9,locA MW 2.5 Amp,86,2.5,2.777812,0.277812,0.277812
9,locA MW 2.5 Amp,15,2.5,2.6173182,0.11731815,0.11731815
9,locA MW 2.5 Amp,97,2.5,2.7311983,0.23119831,0.23119831
9,locA MW 2.5 Amp,65,2.5,2.7627864,0.2627864,0.2627864
9,locA MW 2.5 Amp,47,2.5,2.6602259,0.16022587,0.16022587
9,locA MW 2.5 Amp,53,2.5,2.6372867,0.13728666,0.13728666
9,locA MW 2.5 Amp,72,2.5,2.7480001,0.24800014,0.24800014
9,locA MW 2.5 Amp,23,2.5,2.7857885,0.28578854,0.28578854
9,locA MW 2.5 Amp,3,2.5,2.7538924,0.25389242,0.25389242
9,locA MW 2.5 Amp,51,2.5,2.6947207,0.19472075,0.19472075
9,locA MW 2.5 Amp,69,2.5,2.7534375,0.25343752,0.25343752
9,locA MW 2.5 Amp,94,2.5,2.8679476,0.36794758,0.36794758
9,locA MW 2.5 Amp,71,2.5,2.7058654,0.20586538,0.20586538
9,locA MW 2.5 Amp,76,2.5,2.7202477,0.22024775,0.22024775
9,locA MW 2.5 Amp,24,2.5,2.8243055,0.32430553,0.32430553
9,locA MW 2.5 Amp,98,2.5,2.7312236,0.23122358,0.23122358
9,locA MW 2.5 Amp,2,2.5,2.7355428,0.23554277,0.23554277
9,locA MW 2.5 Amp,5,2.5,2.740624,0.24062395,0.24062395
9,locA MW 2.5 Amp,38,2.5,2.6788678,0.17886782,0.17886782
9,locA MW 2.5 Amp,20,2.5,2.682694,0.18269396,0.18269396
9,locA MW 2.5 Amp,16,2.5,2.7598104,0.25981045,0.25981045
9,locA MW 2.5 Amp,30,2.5,2.823738,0.3237381,0.3237381
9,locA MW 2.5 Amp,100,2.5,2.630494,0.13049412,0.13049412
9,locA MW 2.5 Amp,1,2.5,2.7823443,0.28234434,0.28234434
9,locA MW 2.5 Amp,90,2.5,2.7851434,0.28514338,0.28514338
9,locA MW 2.5 Amp,7,2.5,2.6496706,0.1496706,0.1496706
9,locA MW 2.5 Amp,89,2.5,2.800686,0.30068588,0.30068588
9,locA MW 2.5 Amp,50,2.5,2.6269221,0.12692213,0.12692213
9,locA MW 2.5 Amp,8,2.5,2.7144527,0.21445274,0.21445274
9,locA MW 2.5 Amp,6,2.5,2.6051812,0.10518122,0.10518122
9,locA MW 2.5 Amp,74,2.5,2.7884889,0.28848886,0.28848886
9,locA MW 2.5 Amp,93,2.5,2.816523,0.31652308,0.31652308
9,locA MW 2.5 Amp,64,2.5,2.86207,0.36207008,0.36207008
9,locA MW 2.5 Amp,63,2.5,2.8362732,0.3362732,0.3362732
9,locA MW 2.5 Amp,34,2.5,2.6837463,0.18374634,0.18374634
9,locA MW 2.5 Amp,44,2.5,2.6772008,0.1772008,0.1772008
9,locA MW 2.5 Amp,33,2.5,2.7974653,0.29746532,0.29746532
9,locA MW 2.5 Amp,29,2.5,2.8694038,0.36940384,0.36940384
9,locA MW 2.5 Amp,88,2.5,2.8211246,0.32112455,0.32112455
9,locA MW 2.5 Amp,87,2.5,2.7526765,0.2526765,0.2526765
9,locA MW 2.5 Amp,45,2.5,2.6364102,0.13641024,0.13641024
9,locA MW 2.5 Amp,57,2.5,2.8383617,0.33836174,0.33836174
9,locA MW 2.5 Amp,48,2.5,2.634264,0.13426399,0.13426399
9,locA MW 2.5 Amp,85,2.5,2.619256,0.11925602,0.11925602
9,locA MW 2.5 Amp,26,2.5,2.7599764,0.2599764,0.2599764
9,locA MW 2.5 Amp,13,2.5,2.6585965,0.15859652,0.15859652
9,locA MW 2.5 Amp,22,2.5,2.7865744,0.28657436,0.28657436
9,locA MW 2.5 Amp,37,2.5,2.666768,0.16676807,0.16676807
9,locA MW 2.5 Amp,32,2.5,2.8507009,0.35070086,0.35070086
9,locA MW 2.5 Amp,25,2.5,2.8038692,0.30386925,0.30386925
9,locA MW 2.5 Amp,79,2.5,2.7104068,0.21040678,0.21040678
9,locA MW 2.5 Amp,77,2.5,2.7330165,0.23301649,0.23301649
9,locA MW 2.5 Amp,52,2.5,2.684918,0.18491793,0.18491793
9,locA MW 2.5 Amp,28,2.5,2.788649,0.28864908,0.28864908
9,locA MW 2.5 Amp,92,2.5,2.7834034,0.2834034,0.2834034
9,locA MW 2.5 Amp,62,2.5,2.8119583,0.3119583,0.3119583
9,locA MW 2.5 Amp,36,2.5,2.7076192,0.20761919,0.20761919
9,locA MW 2.5 Amp,11,2.5,2.7285376,0.22853756,0.22853756
9,locA MW 2.5 Amp,4,2.5,2.7348623,0.23486233,0.23486233
9,locA MW 2.5 Amp,55,2.5,2.746767,0.24676704,0.24676704
9,locA MW 2.5 Amp,58,2.5,2.8502998,0.35029984,0.35029984
9,locA MW 2.5 Amp,61,2.5,2.827035,0.32703495,0.32703495
9,locA MW 2.5 Amp,17,2.5,2.704023,0.20402288,0.20402288
9,locA MW 2.5 Amp,91,2.5,2.8000917,0.30009174,0.30009174
9,locA MW 2.5 Amp,81,2.5,2.7174768,0.21747684,0.21747684
9,locA MW 2.5 Amp,83,2.5,2.643632,0.14363194,0.14363194
9,locA MW 2.5 Amp,42,2.5,2.775226,0.27522612,0.27522612
9,locA MW 2.5 Amp,27,2.5,2.806697,0.3066969,0.3066969
9,locA MW 2.5 Amp,95,2.5,2.785594,0.285594,0.285594
9,locA MW 2.5 Amp,21,2.5,2.5996675,0.09966755,0.09966755
9,locA MW 2.5 Amp,99,2.5,2.774879,0.27487898,0.27487898
9,locA MW 2.5 Amp,19,2.5,2.6680312,0.16803122,0.16803122
9,locA MW 2.5 Amp,54,2.5,2.7691798,0.26917982,0.26917982
9,locA MW 2.5 Amp,56,2.5,2.79558,0.2955799,0.2955799
9,locA MW 2.5 Amp,84,2.5,2.642045,0.14204502,0.14204502
9,locA MW 2.5 Amp,82,2.5,2.578937,0.07893705,0.07893705
9,locA MW 2.5 Amp,39,2.5,2.6686106,0.16861057,0.16861057
9,locA MW 2.5 Amp,59,2.5,2.8419938,0.3419938,0.3419938
9,locA MW 2.5 Amp,12,2.5,2.6839023,0.18390226,0.18390226
9,locA MW 2.5 Amp,67,2.5,2.7172222,0.21722221,0.21722221
9,locA MW 2.5 Amp,18,2.5,2.718782,0.21878195,0.21878195
9,locA MW 2.5 Amp,41,2.5,2.806076,0.30607605,0.30607605
9,locA MW 2.5 Amp,80,2.5,2.7051053,0.2051053,0.2051053
9,locA MW 2.5 Amp,14,2.5,2.644096,0.1440959,0.1440959
9,locA MW 2.5 Amp,49,2.5,2.6670914,0.16709137,0.16709137
9,locA MW 2.5 Amp,60,2.5,2.784545,0.28454494,0.28454494
9,locA MW 2.5 Amp,68,2.5,2.6154675,0.11546755,0.11546755
9,locA MW 2.5 Amp,73,2.5,2.7708125,0.2708125,0.2708125
9,locA MW 2.5 Amp,40,2.5,2.7081146,0.20811462,0.20811462
9,locA MW 2.5 Amp,96,2.5,2.8312025,0.3312025,0.3312025
9,locA MW 2.5 Amp,31,2.5,2.834444,0.33444405,0.33444405
10,locA MW 2.7 Amp,10,2.7,2.4370358,-0.26296425,0.26296425
10,locA MW 2.7 Amp,46,2.7,2.4333763,-0.26662374,0.26662374
10,locA MW 2.7 Amp,43,2.7,2.4148645,-0.2851355,0.2851355
10,locA MW 2.7 Amp,9,2.7,2.427911,-0.272089,0.272089
10,locA MW 2.7 Amp,66,2.7,2.4289234,-0.27107668,0.27107668
10,locA MW 2.7 Amp,35,2.7,2.43479,-0.26521015,0.26521015
10,locA MW 2.7 Amp,75,2.7,2.4094121,-0.2905879,0.2905879
10,locA MW 2.7 Amp,70,2.7,2.4364326,-0.26356745,0.26356745
10,locA MW 2.7 Amp,78,2.7,2.4169123,-0.28308773,0.28308773
10,locA MW 2.7 Amp,86,2.7,2.41828,-0.28172016,0.28172016
10,locA MW 2.7 Amp,15,2.7,2.4409404,-0.25905967,0.25905967
10,locA MW 2.7 Amp,97,2.7,2.4421868,-0.25781322,0.25781322
10,locA MW 2.7 Amp,65,2.7,2.4187443,-0.28125572,0.28125572
10,locA MW 2.7 Amp,47,2.7,2.4428015,-0.25719857,0.25719857
10,locA MW 2.7 Amp,53,2.7,2.386409,-0.313591,0.313591
10,locA MW 2.7 Amp,72,2.7,2.372071,-0.32792902,0.32792902
10,locA MW 2.7 Amp,23,2.7,2.4319603,-0.2680397,0.2680397
10,locA MW 2.7 Amp,3,2.7,2.4185274,-0.28147268,0.28147268
10,locA MW 2.7 Amp,51,2.7,2.4072616,-0.29273844,0.29273844
10,locA MW 2.7 Amp,69,2.7,2.422117,-0.27788305,0.27788305
10,locA MW 2.7 Amp,94,2.7,2.461191,-0.23880911,0.23880911
10,locA MW 2.7 Amp,71,2.7,2.3926768,-0.30732322,0.30732322
10,locA MW 2.7 Amp,76,2.7,2.4112928,-0.28870726,0.28870726
10,locA MW 2.7 Amp,24,2.7,2.496236,-0.20376396,0.20376396
10,locA MW 2.7 Amp,98,2.7,2.4247239,-0.27527618,0.27527618
10,locA MW 2.7 Amp,2,2.7,2.432154,-0.2678461,0.2678461
10,locA MW 2.7 Amp,5,2.7,2.423265,-0.27673507,0.27673507
10,locA MW 2.7 Amp,38,2.7,2.4329748,-0.26702523,0.26702523
10,locA MW 2.7 Amp,20,2.7,2.44775,-0.25224996,0.25224996
10,locA MW 2.7 Amp,16,2.7,2.498295,-0.20170498,0.20170498
10,locA MW 2.7 Amp,30,2.7,2.471216,-0.22878408,0.22878408
10,locA MW 2.7 Amp,100,2.7,2.4232566,-0.2767434,0.2767434
10,locA MW 2.7 Amp,1,2.7,2.4561002,-0.24389982,0.24389982
10,locA MW 2.7 Amp,90,2.7,2.4943125,-0.20568752,0.20568752
10,locA MW 2.7 Amp,7,2.7,2.3820999,-0.31790018,0.31790018
10,locA MW 2.7 Amp,89,2.7,2.4661748,-0.2338252,0.2338252
10,locA MW 2.7 Amp,50,2.7,2.4595883,-0.24041176,0.24041176
10,locA MW 2.7 Amp,8,2.7,2.3611941,-0.3388059,0.3388059
10,locA MW 2.7 Amp,6,2.7,2.4612672,-0.23873281,0.23873281
10,locA MW 2.7 Amp,74,2.7,2.4266255,-0.27337456,0.27337456
10,locA MW 2.7 Amp,93,2.7,2.4780781,-0.22192192,0.22192192
10,locA MW 2.7 Amp,64,2.7,2.430985,-0.26901507,0.26901507
10,locA MW 2.7 Amp,63,2.7,2.4468992,-0.25310087,0.25310087
10,locA MW 2.7 Amp,34,2.7,2.4288306,-0.27116942,0.27116942
10,locA MW 2.7 Amp,44,2.7,2.4804437,-0.21955633,0.21955633
10,locA MW 2.7 Amp,33,2.7,2.4480138,-0.25198627,0.25198627
10,locA MW 2.7 Amp,29,2.7,2.4878736,-0.2121265,0.2121265
10,locA MW 2.7 Amp,88,2.7,2.4673445,-0.23265553,0.23265553
10,locA MW 2.7 Amp,87,2.7,2.4028428,-0.2971573,0.2971573
10,locA MW 2.7 Amp,45,2.7,2.4548597,-0.24514031,0.24514031
10,locA MW 2.7 Amp,57,2.7,2.4771135,-0.22288656,0.22288656
10,locA MW 2.7 Amp,48,2.7,2.4800515,-0.21994853,0.21994853
10,locA MW 2.7 Amp,85,2.7,2.3883023,-0.31169772,0.31169772
10,locA MW 2.7 Amp,26,2.7,2.506352,-0.1936481,0.1936481
10,locA MW 2.7 Amp,13,2.7,2.4422486,-0.25775146,0.25775146
10,locA MW 2.7 Amp,22,2.7,2.4181838,-0.28181624,0.28181624
10,locA MW 2.7 Amp,37,2.7,2.4022033,-0.29779673,0.29779673
10,locA MW 2.7 Amp,32,2.7,2.4436672,-0.25633287,0.25633287
10,locA MW 2.7 Amp,25,2.7,2.4895523,-0.21044779,0.21044779
10,locA MW 2.7 Amp,79,2.7,2.433747,-0.266253,0.266253
10,locA MW 2.7 Amp,77,2.7,2.3921227,-0.3078773,0.3078773
10,locA MW 2.7 Amp,52,2.7,2.402141,-0.29785895,0.29785895
10,locA MW 2.7 Amp,28,2.7,2.511936,-0.1880641,0.1880641
10,locA MW 2.7 Amp,92,2.7,2.4930322,-0.20696783,0.20696783
10,locA MW 2.7 Amp,62,2.7,2.4719439,-0.22805619,0.22805619
10,locA MW 2.7 Amp,36,2.7,2.4371293,-0.2628708,0.2628708
10,locA MW 2.7 Amp,11,2.7,2.4244802,-0.27551985,0.27551985
10,locA MW 2.7 Amp,4,2.7,2.4308236,-0.26917648,0.26917648
10,locA MW 2.7 Amp,55,2.7,2.4005835,-0.29941654,0.29941654
10,locA MW 2.7 Amp,58,2.7,2.4957511,-0.2042489,0.2042489
10,locA MW 2.7 Amp,61,2.7,2.469847,-0.23015308,0.23015308
10,locA MW 2.7 Amp,17,2.7,2.4902482,-0.20975184,0.20975184
10,locA MW 2.7 Amp,91,2.7,2.4800398,-0.21996021,0.21996021
10,locA MW 2.7 Amp,81,2.7,2.4497273,-0.25027275,0.25027275
10,locA MW 2.7 Amp,83,2.7,2.456164,-0.24383616,0.24383616
10,locA MW 2.7 Amp,42,2.7,2.432841,-0.267159,0.267159
10,locA MW 2.7 Amp,27,2.7,2.513036,-0.18696404,0.18696404
10,locA MW 2.7 Amp,95,2.7,2.421663,-0.278337,0.278337
10,locA MW 2.7 Amp,21,2.7,2.3975232,-0.30247688,0.30247688
10,locA MW 2.7 Amp,99,2.7,2.393164,-0.30683613,0.30683613
10,locA MW 2.7 Amp,19,2.7,2.4747043,-0.22529578,0.22529578
10,locA MW 2.7 Amp,54,2.7,2.4015713,-0.29842877,0.29842877
10,locA MW 2.7 Amp,56,2.7,2.4640489,-0.23595119,0.23595119
10,locA MW 2.7 Amp,84,2.7,2.4244363,-0.27556372,0.27556372
10,locA MW 2.7 Amp,82,2.7,2.432009,-0.26799107,0.26799107
10,locA MW 2.7 Amp,39,2.7,2.3987248,-0.30127525,0.30127525
10,locA MW 2.7 Amp,59,2.7,2.4790156,-0.22098446,0.22098446
10,locA MW 2.7 Amp,12,2.7,2.4266024,-0.27339768,0.27339768
10,locA MW 2.7 Amp,67,2.7,2.4279373,-0.27206278,0.27206278
10,locA MW 2.7 Amp,18,2.7,2.4645498,-0.23545027,0.23545027
10,locA MW 2.7 Amp,41,2.7,2.4025285,-0.29747152,0.29747152
10,locA MW 2.7 Amp,80,2.7,2.4370563,-0.26294374,0.26294374
10,locA MW 2.7 Amp,14,2.7,2.4584622,-0.24153781,0.24153781
10,locA MW 2.7 Amp,49,2.7,2.5023458,-0.19765425,0.19765425
10,locA MW 2.7 Amp,60,2.7,2.5039814,-0.1960187,0.1960187
10,locA MW 2.7 Amp,68,2.7,2.4368618,-0.2631383,0.2631383
10,locA MW 2.7 Amp,73,2.7,2.3960507,-0.30394936,0.30394936
10,locA MW 2.7 Amp,40,2.7,2.3631272,-0.33687282,0.33687282
10,locA MW 2.7 Amp,96,2.7,2.431842,-0.26815796,0.26815796
10,locA MW 2.7 Amp,31,2.7,2.4496164,-0.25038362,0.25038362
11,locA MW 3 Amp,203,3.0,2.6758332,-0.32416677,0.32416677
11,locA MW 3 Amp,243,3.0,2.5967298,-0.40327024,0.40327024
11,locA MW 3 Amp,240,3.0,2.6602483,-0.33975172,0.33975172
11,locA MW 3 Amp,291,3.0,2.6604524,-0.33954763,0.33954763
11,locA MW 3 Amp,265,3.0,2.58498,-0.41502,0.41502
11,locA MW 3 Amp,231,3.0,2.6506448,-0.34935522,0.34935522
11,locA MW 3 Amp,275,3.0,2.5853033,-0.4146967,0.4146967
11,locA MW 3 Amp,270,3.0,2.6899967,-0.31000328,0.31000328
11,locA MW 3 Amp,278,3.0,2.6670418,-0.33295822,0.33295822
11,locA MW 3 Amp,287,3.0,2.674264,-0.32573605,0.32573605
11,locA MW 3 Amp,209,3.0,2.6596355,-0.34036446,0.34036446
11,locA MW 3 Amp,299,3.0,2.6725597,-0.32744026,0.32744026
11,locA MW 3 Amp,264,3.0,2.6330638,-0.3669362,0.3669362
11,locA MW 3 Amp,244,3.0,2.5793753,-0.42062473,0.42062473
11,locA MW 3 Amp,251,3.0,2.6688952,-0.33110476,0.33110476
11,locA MW 3 Amp,272,3.0,2.670632,-0.3293681,0.3293681
11,locA MW 3 Amp,218,3.0,2.6596866,-0.34031343,0.34031343
11,locA MW 3 Amp,225,3.0,2.6844878,-0.31551218,0.31551218
11,locA MW 3 Amp,249,3.0,2.6512609,-0.34873915,0.34873915
11,locA MW 3 Amp,268,3.0,2.6701941,-0.32980585,0.32980585
11,locA MW 3 Amp,296,3.0,2.6255717,-0.37442827,0.37442827
11,locA MW 3 Amp,271,3.0,2.681334,-0.31866598,0.31866598
11,locA MW 3 Amp,276,3.0,2.5565042,-0.44349575,0.44349575
11,locA MW 3 Amp,219,3.0,2.6758056,-0.32419443,0.32419443
11,locA MW 3 Amp,300,3.0,2.6881604,-0.31183958,0.31183958
11,locA MW 3 Amp,214,3.0,2.6445575,-0.35544252,0.35544252
11,locA MW 3 Amp,247,3.0,2.6569953,-0.3430047,0.3430047
11,locA MW 3 Amp,234,3.0,2.5873075,-0.41269255,0.41269255
11,locA MW 3 Amp,215,3.0,2.6669173,-0.33308268,0.33308268
11,locA MW 3 Amp,210,3.0,2.6393986,-0.36060143,0.36060143
11,locA MW 3 Amp,226,3.0,2.6967916,-0.30320835,0.30320835
11,locA MW 3 Amp,204,3.0,2.6575775,-0.3424225,0.3424225
11,locA MW 3 Amp,202,3.0,2.5948362,-0.40516376,0.40516376
11,locA MW 3 Amp,292,3.0,2.6355395,-0.36446047,0.36446047
11,locA MW 3 Amp,269,3.0,2.6473546,-0.3526454,0.3526454
11,locA MW 3 Amp,290,3.0,2.6512842,-0.34871578,0.34871578
11,locA MW 3 Amp,248,3.0,2.64086,-0.35913992,0.35913992
11,locA MW 3 Amp,280,3.0,2.6684022,-0.3315978,0.3315978
11,locA MW 3 Amp,258,3.0,2.6823087,-0.31769133,0.31769133
11,locA MW 3 Amp,274,3.0,2.6444392,-0.35556078,0.35556078
11,locA MW 3 Amp,295,3.0,2.6392856,-0.36071444,0.36071444
11,locA MW 3 Amp,263,3.0,2.632854,-0.36714602,0.36714602
11,locA MW 3 Amp,262,3.0,2.5766835,-0.42331648,0.42331648
11,locA MW 3 Amp,230,3.0,2.584004,-0.41599607,0.41599607
11,locA MW 3 Amp,241,3.0,2.632784,-0.3672161,0.3672161
11,locA MW 3 Amp,229,3.0,2.6502175,-0.34978247,0.34978247
11,locA MW 3 Amp,224,3.0,2.6749492,-0.32505083,0.32505083
11,locA MW 3 Amp,289,3.0,2.6946473,-0.3053527,0.3053527
11,locA MW 3 Amp,288,3.0,2.6764708,-0.32352924,0.32352924
11,locA MW 3 Amp,242,3.0,2.639968,-0.36003208,0.36003208
11,locA MW 3 Amp,255,3.0,2.664093,-0.33590698,0.33590698
11,locA MW 3 Amp,245,3.0,2.5512705,-0.44872952,0.44872952
11,locA MW 3 Amp,286,3.0,2.657351,-0.34264898,0.34264898
11,locA MW 3 Amp,221,3.0,2.6505504,-0.34944963,0.34944963
11,locA MW 3 Amp,207,3.0,2.6586838,-0.34131622,0.34131622
11,locA MW 3 Amp,217,3.0,2.636775,-0.36322498,0.36322498
11,locA MW 3 Amp,233,3.0,2.6078491,-0.39215088,0.39215088
11,locA MW 3 Amp,228,3.0,2.647431,-0.3525691,0.3525691
11,locA MW 3 Amp,220,3.0,2.6724792,-0.32752085,0.32752085
11,locA MW 3 Amp,279,3.0,2.6670122,-0.3329878,0.3329878
11,locA MW 3 Amp,277,3.0,2.5338593,-0.46614075,0.46614075
11,locA MW 3 Amp,250,3.0,2.6532092,-0.3467908,0.3467908
11,locA MW 3 Amp,223,3.0,2.6620216,-0.33797836,0.33797836
11,locA MW 3 Amp,294,3.0,2.5444636,-0.45553637,0.45553637
11,locA MW 3 Amp,261,3.0,2.6356044,-0.36439562,0.36439562
11,locA MW 3 Amp,232,3.0,2.6471882,-0.3528118,0.3528118
11,locA MW 3 Amp,205,3.0,2.6724734,-0.32752657,0.32752657
11,locA MW 3 Amp,236,3.0,2.6569686,-0.3430314,0.3430314
11,locA MW 3 Amp,253,3.0,2.6688128,-0.33118725,0.33118725
11,locA MW 3 Amp,256,3.0,2.671173,-0.3288269,0.3288269
11,locA MW 3 Amp,260,3.0,2.6263022,-0.37369776,0.37369776
11,locA MW 3 Amp,211,3.0,2.613779,-0.38622093,0.38622093
11,locA MW 3 Amp,293,3.0,2.5847263,-0.41527367,0.41527367
11,locA MW 3 Amp,282,3.0,2.6529713,-0.34702873,0.34702873
11,locA MW 3 Amp,284,3.0,2.6775532,-0.32244682,0.32244682
11,locA MW 3 Amp,239,3.0,2.6781878,-0.32181215,0.32181215
11,locA MW 3 Amp,222,3.0,2.6323147,-0.36768532,0.36768532
11,locA MW 3 Amp,297,3.0,2.6009345,-0.3990655,0.3990655
11,locA MW 3 Amp,216,3.0,2.6438527,-0.3561473,0.3561473
11,locA MW 3 Amp,301,3.0,2.6578264,-0.34217358,0.34217358
11,locA MW 3 Amp,213,3.0,2.545556,-0.45444393,0.45444393
11,locA MW 3 Amp,252,3.0,2.6767387,-0.32326126,0.32326126
11,locA MW 3 Amp,254,3.0,2.6468887,-0.35311127,0.35311127
11,locA MW 3 Amp,285,3.0,2.6671777,-0.33282232,0.33282232
11,locA MW 3 Amp,283,3.0,2.641964,-0.35803604,0.35803604
11,locA MW 3 Amp,235,3.0,2.6897688,-0.3102312,0.3102312
11,locA MW 3 Amp,257,3.0,2.7090926,-0.29090738,0.29090738
11,locA MW 3 Amp,206,3.0,2.678863,-0.32113695,0.32113695
11,locA MW 3 Amp,266,3.0,2.629313,-0.370687,0.370687
11,locA MW 3 Amp,212,3.0,2.5746942,-0.42530584,0.42530584
11,locA MW 3 Amp,238,3.0,2.6755333,-0.3244667,0.3244667
11,locA MW 3 Amp,281,3.0,2.6509562,-0.34904385,0.34904385
11,locA MW 3 Amp,208,3.0,2.6422396,-0.35776043,0.35776043
11,locA MW 3 Amp,246,3.0,2.615306,-0.3846941,0.3846941
11,locA MW 3 Amp,259,3.0,2.669405,-0.33059502,0.33059502
11,locA MW 3 Amp,267,3.0,2.6932063,-0.3067937,0.3067937
11,locA MW 3 Amp,273,3.0,2.6631684,-0.33683157,0.33683157
11,locA MW 3 Amp,237,3.0,2.655992,-0.34400797,0.34400797
11,locA MW 3 Amp,298,3.0,2.6198893,-0.38011074,0.38011074
11,locA MW 3 Amp,227,3.0,2.663547,-0.33645296,0.33645296
